Rank,team,G,W,L,W-L%,SRS,SOS,Wconference,Lconference,Whome,Lhome,Waway,Laway,Tm.,Opp.,MP,FG,FGA,FG%,3P,3PA,3P%,FT,FTA,FT%,ORB,TRB,AST,STL,BLK,TOV,PF
1,Abilene Christian,19,10,9,0.526,-7.52,-0.27,2,4,6,2,3,6,1357,1363,760,479,1079,0.444,109,337,0.323,290,404,0.718,232,624,264,180,59,267,384
2,Air Force,20,3,17,0.15,-13.25,2.6,0,9,3,9,0,7,1226,1543,800,429,1002,0.428,126,421,0.299,242,377,0.642,145,586,234,116,55,293,348
3,Akron,21,17,4,0.81,11.21,-1.9,8,1,11,0,4,2,1944,1586,840,716,1382,0.518,232,603,0.385,280,365,0.767,250,803,420,170,68,228,336
4,Alabama,20,14,6,0.7,23.52,13.02,4,3,7,3,3,1,1839,1629,800,610,1341,0.455,248,713,0.348,371,491,0.756,256,838,325,139,118,191,396
5,Alabama A&M,20,11,9,0.55,-12.3,-8.0,4,3,8,2,2,6,1427,1440,800,479,1109,0.432,125,389,0.321,344,468,0.735,195,710,228,122,60,241,365
6,Alabama State,20,6,14,0.3,-14.63,-4.84,3,4,2,1,3,11,1507,1637,800,522,1227,0.425,153,462,0.331,310,449,0.69,250,700,251,173,71,270,377
7,Albany (NY),21,7,14,0.333,-12.82,-3.93,3,3,5,1,1,10,1531,1551,840,586,1256,0.467,151,468,0.323,208,317,0.656,242,736,303,147,77,262,363
8,Alcorn State,19,3,16,0.158,-20.68,-1.52,2,5,1,1,1,15,1258,1622,757,465,1122,0.414,134,387,0.346,194,284,0.683,199,579,216,142,66,287,347
9,American,21,13,8,0.619,-4.69,-3.32,6,2,10,2,3,6,1604,1505,840,570,1243,0.459,187,555,0.337,277,364,0.761,202,682,292,171,34,238,389
10,Appalachian State,22,13,9,0.591,-4.99,-5.59,6,4,8,3,4,6,1588,1442,885,571,1276,0.447,176,569,0.309,270,440,0.614,271,870,285,105,84,220,358
11,Arizona,21,21,0,1.0,29.54,8.21,8,0,12,0,5,0,1882,1434,840,668,1294,0.516,129,355,0.363,417,565,0.738,273,907,384,178,94,238,339
12,Arizona State,21,11,10,0.524,9.76,10.1,2,6,6,4,1,5,1668,1675,840,564,1231,0.458,168,481,0.349,372,502,0.741,216,694,302,149,94,247,369
13,Arkansas,21,16,5,0.762,22.07,10.02,6,2,13,0,2,3,1875,1622,840,660,1325,0.498,184,486,0.379,371,496,0.748,235,772,370,164,101,203,336
14,Arkansas State,21,13,8,0.619,-2.11,-2.37,5,4,7,1,6,7,1743,1666,850,590,1304,0.452,187,575,0.325,376,488,0.77,287,834,323,161,46,300,399
15,Arkansas-Pine Bluff,20,7,13,0.35,-13.74,0.48,4,3,4,2,3,11,1569,1710,805,549,1236,0.444,158,469,0.337,313,411,0.762,216,690,321,146,63,288,421
16,Army,21,8,13,0.381,-15.04,-5.78,2,6,4,6,4,6,1572,1666,865,547,1297,0.422,229,681,0.336,249,346,0.72,247,759,316,113,26,244,380
17,Auburn,20,13,7,0.65,18.66,11.16,4,3,8,1,2,3,1699,1549,810,564,1205,0.468,153,469,0.326,418,565,0.74,277,765,274,159,92,217,339
18,Austin Peay,19,13,6,0.684,-0.98,-4.63,7,1,9,0,4,6,1517,1323,760,533,1191,0.448,172,496,0.347,279,389,0.717,222,695,311,211,48,206,315
19,Ball State,20,7,13,0.35,-10.97,-3.74,3,5,5,4,1,8,1358,1395,800,479,1132,0.423,140,448,0.313,260,372,0.699,191,633,253,154,55,209,313
20,Baylor,19,11,8,0.579,15.04,8.49,1,6,8,4,1,3,1644,1463,760,575,1175,0.489,163,450,0.362,331,460,0.72,257,750,315,129,94,227,308
21,Bellarmine,20,7,13,0.35,-10.38,-2.66,2,6,4,3,2,10,1589,1650,810,558,1091,0.511,157,438,0.358,316,408,0.775,129,564,296,130,30,218,324
22,Belmont,21,18,3,0.857,9.46,-1.49,8,2,8,2,8,1,1732,1466,845,626,1224,0.511,208,534,0.39,272,403,0.675,197,798,373,138,77,278,357
23,Bethune-Cookman,20,9,11,0.45,-9.46,-1.41,6,1,6,1,3,8,1492,1604,810,530,1165,0.455,127,370,0.343,305,438,0.696,201,692,278,149,92,264,361
24,Binghamton,22,4,18,0.182,-22.51,-9.3,0,7,4,6,0,11,1480,1670,905,501,1119,0.448,109,363,0.3,369,494,0.747,161,702,252,120,74,292,369
25,Boise State,21,13,8,0.619,13.85,8.11,5,5,8,3,3,3,1649,1515,860,547,1215,0.45,170,502,0.339,385,505,0.762,225,769,291,110,46,247,374
26,Boston College,20,9,11,0.45,2.22,2.17,2,5,8,3,1,5,1364,1363,820,470,1169,0.402,152,511,0.297,272,410,0.663,221,757,228,99,98,210,340
27,Boston University,21,8,13,0.381,-9.78,-6.83,3,5,5,4,2,9,1596,1608,865,567,1160,0.489,197,513,0.384,263,372,0.707,176,673,311,105,70,251,372
28,Bowling Green State,21,13,8,0.619,3.47,-2.64,4,5,7,5,4,3,1803,1498,845,640,1293,0.495,153,439,0.349,370,502,0.737,226,755,329,229,72,244,371
29,Bradley,22,14,8,0.636,2.49,-0.56,7,4,10,2,2,4,1709,1612,900,577,1332,0.433,183,541,0.338,372,508,0.732,230,766,281,190,69,207,403
30,Brigham Young,20,17,3,0.85,23.84,8.04,5,2,9,1,2,1,1733,1417,800,608,1251,0.486,180,506,0.356,337,449,0.751,253,802,304,168,97,218,301
31,Brown,18,7,11,0.389,-8.98,-4.85,1,4,5,5,2,6,1287,1214,735,473,1082,0.437,133,403,0.33,208,294,0.707,199,658,280,138,81,218,313
32,Bryant,20,6,14,0.3,-16.5,-3.77,2,4,5,3,1,11,1256,1423,805,437,1112,0.393,156,546,0.286,226,311,0.727,206,682,249,124,94,272,320
33,Bucknell,21,6,15,0.286,-14.4,-3.83,3,5,4,4,2,8,1385,1607,846,481,1177,0.409,160,517,0.309,263,345,0.762,198,655,267,152,44,283,370
34,Buffalo,21,14,7,0.667,-1.24,-4.72,4,5,6,4,6,3,1680,1569,845,557,1156,0.482,204,520,0.392,362,491,0.737,194,676,312,162,53,219,343
35,Butler,20,13,7,0.65,14.32,6.67,4,5,9,3,1,4,1671,1518,810,569,1211,0.47,154,450,0.342,379,531,0.714,259,788,327,144,74,241,302
36,Cal Poly,21,7,14,0.333,-7.86,1.25,3,6,4,5,3,8,1676,1821,845,540,1280,0.422,226,678,0.333,370,491,0.754,236,795,263,132,44,338,420
37,Cal State Bakersfield,21,8,13,0.381,-10.62,-1.14,2,7,6,5,2,8,1522,1649,840,508,1225,0.415,103,348,0.296,403,542,0.744,251,743,222,163,107,283,424
38,Cal State Fullerton,22,10,12,0.455,-2.31,1.29,5,5,6,3,3,8,1866,1834,880,641,1403,0.457,192,578,0.332,392,560,0.7,228,784,361,187,59,258,420
39,Cal State Northridge,21,11,10,0.524,-4.48,-0.8,4,5,8,1,3,7,1688,1682,840,606,1364,0.444,151,472,0.32,325,490,0.663,287,878,342,150,53,284,391
40,California,20,15,5,0.75,13.36,5.57,3,4,13,2,1,3,1575,1405,800,523,1161,0.45,179,490,0.365,350,442,0.792,186,695,286,126,73,198,369
41,California Baptist,21,15,6,0.714,1.4,-2.64,5,3,10,0,4,5,1540,1455,850,543,1238,0.439,122,386,0.316,332,460,0.722,300,847,224,119,57,268,397
42,Campbell,21,9,12,0.429,-4.71,1.87,3,5,7,1,1,11,1687,1672,840,572,1255,0.456,155,477,0.325,388,547,0.709,274,761,264,145,43,277,364
43,Canisius,21,8,13,0.381,-17.57,-7.12,3,7,6,3,2,10,1309,1477,840,453,1138,0.398,148,442,0.335,255,364,0.701,222,713,254,109,50,267,362
44,Central Arkansas,20,10,10,0.5,-2.77,-2.22,5,2,9,1,1,9,1569,1477,815,562,1262,0.445,209,636,0.329,236,345,0.684,225,745,331,169,30,233,318
45,Central Connecticut State,19,10,9,0.526,-10.73,-8.2,4,4,5,2,5,7,1450,1366,765,533,1115,0.478,147,381,0.386,237,316,0.75,180,665,278,116,84,198,247
46,Central Michigan,21,6,15,0.286,-11.14,-1.51,2,7,5,4,0,10,1530,1648,840,564,1244,0.453,127,424,0.3,275,384,0.716,218,696,321,133,90,259,377
47,Charleston Southern,22,11,11,0.5,-5.55,-6.61,2,5,7,2,4,8,1852,1724,895,651,1441,0.452,274,763,0.359,276,430,0.642,271,953,380,102,105,289,482
48,Charlotte,20,11,9,0.55,0.07,-0.51,5,2,8,4,3,3,1482,1467,815,503,1094,0.46,170,476,0.357,306,428,0.715,228,699,260,99,76,243,352
49,Chattanooga,21,9,12,0.429,-10.72,-5.89,3,5,5,4,4,7,1604,1531,840,547,1219,0.449,231,638,0.362,279,363,0.769,165,697,327,125,51,198,394
50,Chicago State,21,2,19,0.095,-17.21,-0.76,0,8,1,5,1,14,1365,1671,845,487,1239,0.393,116,368,0.315,275,368,0.747,237,662,217,173,23,245,406
51,Cincinnati,20,10,10,0.5,11.92,6.82,2,5,10,2,0,5,1452,1350,800,518,1226,0.423,163,544,0.3,253,385,0.657,227,754,338,138,91,247,334
52,Clemson,21,17,4,0.81,17.82,5.87,7,1,10,1,4,2,1619,1368,850,559,1207,0.463,173,513,0.337,328,452,0.726,213,772,284,135,52,206,348
53,Cleveland State,21,7,14,0.333,-13.58,-2.19,3,7,5,4,1,9,1667,1774,840,546,1209,0.452,217,575,0.377,358,479,0.747,223,719,320,109,58,289,401
54,Coastal Carolina,22,13,9,0.591,-7.17,-5.27,6,4,6,3,6,6,1625,1588,895,559,1344,0.416,190,555,0.342,317,432,0.734,222,889,232,102,71,233,419
55,Colgate,21,12,9,0.571,-3.6,-2.49,6,2,5,3,4,6,1610,1552,855,604,1235,0.489,155,426,0.364,247,341,0.724,186,710,317,128,70,220,353
56,College of Charleston,21,13,8,0.619,-0.72,-1.52,6,2,9,2,2,4,1624,1587,850,543,1216,0.447,143,482,0.297,395,536,0.737,229,801,270,120,86,237,370
57,Colorado,20,12,8,0.6,10.49,5.89,2,5,9,4,1,3,1652,1560,805,575,1203,0.478,143,397,0.36,359,465,0.772,211,705,317,131,71,198,346
58,Colorado State,20,12,8,0.6,8.89,4.2,3,6,8,4,2,3,1557,1418,800,523,1042,0.502,210,509,0.413,301,392,0.768,180,662,320,110,37,240,326
59,Columbia,19,13,6,0.684,-0.88,-4.53,2,3,7,1,6,5,1529,1364,770,557,1148,0.485,154,429,0.359,261,358,0.729,247,790,310,110,67,254,317
60,Connecticut,21,20,1,0.952,23.38,8.95,10,0,11,1,6,0,1653,1350,850,600,1246,0.482,165,467,0.353,288,407,0.708,245,777,384,160,118,233,381
61,Coppin State,22,3,19,0.136,-28.05,-5.58,1,4,1,3,2,13,1441,1872,880,496,1234,0.402,142,449,0.316,307,442,0.695,241,701,262,147,58,348,408
62,Cornell,18,9,9,0.5,-3.55,-2.23,2,3,4,2,5,7,1657,1566,730,571,1160,0.492,251,620,0.405,264,351,0.752,193,656,398,102,50,224,352
63,Creighton,21,12,9,0.571,12.0,8.72,6,4,9,2,2,5,1642,1573,845,586,1266,0.463,214,617,0.347,256,339,0.755,211,755,342,118,58,230,301
64,Dartmouth,18,9,9,0.5,-5.98,-3.1,3,2,5,4,4,5,1412,1349,720,473,1046,0.452,196,512,0.383,270,379,0.712,182,681,264,88,71,226,287
65,Davidson,19,12,7,0.632,3.79,2.73,4,3,7,5,4,1,1378,1325,770,481,1053,0.457,167,457,0.365,249,374,0.666,184,623,249,133,75,203,318
66,Dayton,21,14,7,0.667,7.83,0.45,5,3,10,2,3,3,1610,1455,855,521,1154,0.451,158,485,0.326,410,546,0.751,189,694,302,200,93,250,346
67,Delaware,19,5,14,0.263,-9.38,-2.99,1,7,3,7,1,6,1242,1366,770,444,1011,0.439,161,447,0.36,193,270,0.715,129,605,246,101,65,233,277
68,Delaware State,20,5,15,0.25,-21.61,-7.92,0,5,4,4,1,10,1232,1423,805,451,1149,0.393,100,327,0.306,230,336,0.685,195,632,223,169,37,262,320
69,Denver,22,9,13,0.409,-6.57,0.53,2,5,6,4,3,9,1849,1876,880,646,1328,0.486,197,507,0.389,360,467,0.771,225,726,257,102,46,231,386
70,DePaul,20,12,8,0.6,7.49,3.64,4,5,10,3,1,4,1466,1389,800,496,1116,0.444,150,442,0.339,324,462,0.701,197,680,317,133,80,243,369
71,Detroit Mercy,20,8,12,0.4,-9.61,-2.77,5,6,4,5,4,7,1550,1604,800,545,1268,0.43,133,414,0.321,327,431,0.759,275,780,261,118,59,237,399
72,Drake,21,11,10,0.524,1.54,0.38,5,5,5,6,4,3,1620,1514,850,560,1243,0.451,197,555,0.355,303,424,0.715,197,762,292,132,65,215,363
73,Drexel,21,10,11,0.476,-4.21,-4.96,4,4,8,3,2,6,1449,1400,840,522,1198,0.436,175,498,0.351,230,360,0.639,248,754,294,137,85,259,355
74,Duke,20,19,1,0.95,30.63,9.63,8,0,10,0,6,0,1712,1292,800,586,1175,0.499,183,532,0.344,357,498,0.717,250,810,346,169,78,228,327
75,Duquesne,20,11,9,0.55,3.15,-0.07,3,4,8,4,3,4,1668,1539,820,577,1203,0.48,187,535,0.35,327,461,0.709,211,738,341,156,61,276,408
76,East Carolina,20,6,14,0.3,-7.59,1.15,1,6,5,6,1,6,1358,1523,805,473,1174,0.403,98,366,0.268,314,457,0.687,248,729,221,129,83,258,329
77,East Tennessee State,21,15,6,0.714,1.79,-7.32,7,1,11,1,4,5,1634,1393,840,598,1219,0.491,157,471,0.333,281,375,0.749,204,729,308,197,78,218,336
78,East Texas A&M,21,8,13,0.381,-11.05,-0.26,3,8,4,3,3,10,1506,1581,840,537,1237,0.434,186,566,0.329,246,367,0.67,208,712,355,160,66,289,370
79,Eastern Illinois,21,9,12,0.429,-12.28,-2.73,5,5,8,2,1,10,1412,1462,850,504,1172,0.43,117,367,0.319,287,383,0.749,206,696,267,161,68,277,347
80,Eastern Kentucky,21,7,14,0.333,-8.39,-2.44,3,5,5,4,2,10,1682,1678,850,585,1332,0.439,240,676,0.355,272,383,0.71,274,766,300,147,66,256,383
81,Eastern Michigan,21,9,12,0.429,-4.52,-1.12,3,6,6,3,3,9,1506,1536,850,550,1235,0.445,129,392,0.329,277,385,0.719,221,754,276,133,82,250,374
82,Eastern Washington,20,5,15,0.25,-5.16,1.57,3,4,4,3,1,11,1521,1631,810,541,1194,0.453,144,423,0.34,295,396,0.745,216,638,258,128,57,260,365
83,Elon,21,12,9,0.571,-2.07,-2.86,4,4,7,4,5,5,1748,1651,850,617,1298,0.475,199,562,0.354,315,440,0.716,264,764,342,147,68,230,351
84,Evansville,20,5,15,0.25,-7.22,4.0,1,8,3,7,1,6,1345,1476,805,466,1106,0.421,142,461,0.308,271,377,0.719,177,672,269,114,74,278,338
85,Fairfield,22,13,9,0.591,-8.86,-9.67,5,6,9,2,4,7,1675,1595,885,607,1403,0.433,177,523,0.338,284,393,0.723,307,856,263,137,79,216,342
86,FDU,21,7,14,0.333,-15.16,-4.66,4,4,5,4,2,10,1452,1517,840,492,1209,0.407,183,588,0.311,285,402,0.709,260,753,259,111,37,252,370
87,Florida,20,14,6,0.7,23.78,10.88,5,2,9,1,2,2,1703,1445,800,592,1289,0.459,149,523,0.285,370,528,0.701,343,923,308,129,101,245,355
88,Florida A&M,18,8,10,0.444,-14.1,-4.48,5,2,5,2,2,8,1243,1379,725,439,1007,0.436,127,397,0.32,238,365,0.652,177,582,231,143,57,280,331
89,Florida Atlantic,21,14,7,0.667,7.73,2.31,6,2,9,1,3,4,1737,1548,845,622,1320,0.471,185,541,0.342,308,426,0.723,264,822,296,135,120,255,385
90,Florida Gulf Coast,21,8,13,0.381,-4.92,-1.02,2,6,6,6,2,7,1681,1678,850,604,1326,0.456,181,530,0.342,292,397,0.736,264,786,317,163,71,247,410
91,Florida International,20,10,10,0.5,-1.14,0.81,3,6,9,3,1,7,1664,1570,805,581,1260,0.461,157,442,0.355,345,513,0.673,268,774,327,201,99,251,366
92,Florida State,20,8,12,0.4,7.09,6.29,1,6,7,4,1,5,1626,1610,800,552,1305,0.423,212,671,0.316,310,433,0.716,270,739,298,175,75,249,387
93,Fordham,20,10,10,0.5,-2.67,-3.9,1,6,7,5,1,4,1433,1307,800,556,1236,0.45,135,464,0.291,186,273,0.681,269,806,297,134,43,236,303
94,Fresno State,20,9,11,0.45,3.51,4.29,3,6,7,6,1,5,1436,1414,800,496,1136,0.437,146,471,0.31,298,396,0.753,203,709,269,146,42,280,330
95,Furman,21,14,7,0.667,-2.13,-4.68,5,3,8,3,5,2,1631,1472,850,593,1253,0.473,195,610,0.32,250,379,0.66,252,828,352,116,67,257,302
96,Gardner-Webb,22,3,19,0.136,-24.71,-0.02,1,6,3,6,0,11,1506,1932,880,532,1277,0.417,152,499,0.305,290,411,0.706,201,694,225,135,53,313,389
97,George Mason,20,18,2,0.9,8.18,-1.4,6,1,13,0,3,2,1553,1347,800,515,1060,0.486,126,354,0.356,397,537,0.739,190,717,269,106,64,202,311
98,George Washington,21,13,8,0.619,11.79,1.69,4,4,9,2,2,3,1792,1533,840,617,1288,0.479,210,580,0.362,348,475,0.733,260,810,334,165,78,262,390
99,Georgetown,20,10,10,0.5,6.01,4.36,2,7,7,4,3,4,1511,1478,815,517,1186,0.436,130,410,0.317,347,471,0.737,234,733,291,139,82,196,366
100,Georgia,20,16,4,0.8,20.38,3.43,4,3,11,1,3,2,1869,1530,815,632,1342,0.471,186,582,0.32,419,553,0.758,280,828,301,180,145,228,337
101,Georgia Southern,22,13,9,0.591,-7.25,-6.55,5,4,8,3,5,4,1814,1767,895,601,1388,0.433,209,655,0.319,403,563,0.716,257,792,251,187,84,225,431
102,Georgia State,21,9,12,0.429,-9.69,-3.06,6,3,6,2,3,8,1493,1547,840,480,1241,0.387,189,578,0.327,344,438,0.785,220,752,250,152,64,247,394
103,Georgia Tech,21,11,10,0.524,4.65,3.31,2,6,10,4,1,4,1564,1536,845,557,1244,0.448,140,391,0.358,310,450,0.689,232,821,345,133,91,286,380
104,Gonzaga,22,21,1,0.955,27.5,5.14,9,0,11,0,5,0,1955,1463,885,746,1444,0.517,153,432,0.354,310,449,0.69,284,938,406,202,76,227,387
105,Grambling,18,8,10,0.444,-10.67,-4.92,2,3,5,1,1,9,1301,1317,720,429,953,0.45,111,341,0.326,332,460,0.722,177,575,209,157,53,275,345
106,Grand Canyon,20,13,7,0.65,10.04,4.29,6,3,9,2,3,3,1479,1364,805,504,1155,0.436,134,452,0.296,337,443,0.761,223,741,248,135,73,250,372
107,Green Bay,22,12,10,0.545,-5.84,-1.49,7,4,6,2,4,7,1633,1660,886,556,1147,0.485,157,450,0.349,364,496,0.734,165,696,303,95,63,239,376
108,Hampton,21,10,11,0.476,-7.39,-5.65,4,4,7,1,2,7,1487,1424,840,518,1203,0.431,132,449,0.294,319,443,0.72,263,774,258,144,76,242,393
109,Harvard,19,10,9,0.526,-3.04,-3.93,3,2,6,3,4,5,1361,1316,765,499,1061,0.47,148,400,0.37,215,272,0.79,161,596,267,142,62,206,270
110,Hawaii,19,15,4,0.789,8.69,-4.9,7,2,13,1,2,3,1528,1233,760,519,1105,0.47,142,444,0.32,348,477,0.73,224,766,276,129,75,256,332
111,High Point,22,18,4,0.818,7.38,-7.36,6,1,12,1,3,2,2042,1546,890,697,1362,0.512,210,560,0.375,438,602,0.728,252,805,386,239,82,202,401
112,Hofstra,21,13,8,0.619,1.44,-1.67,4,4,5,1,6,7,1626,1464,845,560,1243,0.451,203,535,0.379,303,405,0.748,257,804,280,107,77,227,366
113,Holy Cross,21,8,13,0.381,-13.13,-4.03,3,5,5,4,2,9,1398,1525,840,497,1150,0.432,142,454,0.313,262,364,0.72,165,654,226,126,30,237,323
114,Houston,19,17,2,0.895,24.41,6.99,5,1,10,0,2,1,1502,1171,765,545,1208,0.451,176,511,0.344,236,308,0.766,266,711,299,166,75,162,340
115,Houston Christian,21,8,13,0.381,-10.31,-3.52,4,8,6,4,2,8,1457,1564,845,512,1130,0.453,137,417,0.329,296,434,0.682,220,678,310,141,79,272,312
116,Howard,21,12,9,0.571,-9.77,-8.13,2,3,6,3,3,6,1554,1471,839,530,1209,0.438,128,400,0.32,366,515,0.711,257,756,311,190,69,285,423
117,Idaho,20,12,8,0.6,-1.31,-1.72,4,3,7,2,4,5,1599,1464,805,533,1181,0.451,211,583,0.362,322,434,0.742,215,741,266,126,44,224,372
118,Idaho State,21,10,11,0.476,-2.2,-0.64,3,5,6,3,3,7,1584,1548,846,536,1171,0.458,172,507,0.339,340,461,0.738,236,706,258,114,88,237,365
119,Illinois,20,17,3,0.85,25.88,8.73,8,1,10,1,5,0,1709,1366,800,576,1222,0.471,221,614,0.36,336,423,0.794,268,832,291,74,100,194,260
120,Illinois State,21,14,7,0.667,8.65,-0.41,6,4,9,1,3,4,1634,1408,845,583,1228,0.475,179,509,0.352,289,415,0.696,224,784,288,127,50,232,366
121,Illinois-Chicago,22,12,10,0.545,1.29,-0.56,7,4,7,3,4,6,1660,1542,890,580,1294,0.448,138,428,0.322,362,490,0.739,290,794,322,183,87,268,376
122,Incarnate Word,21,9,12,0.429,-5.54,-1.43,4,8,8,2,0,9,1594,1523,840,563,1266,0.445,182,487,0.374,286,409,0.699,261,739,251,126,64,231,388
123,Indiana,21,14,7,0.667,19.2,7.77,5,5,11,2,2,4,1695,1455,840,567,1200,0.473,223,622,0.359,338,432,0.782,194,728,362,116,53,217,385
124,Indiana State,22,9,13,0.409,-3.32,0.03,2,9,7,3,2,9,1660,1654,900,603,1299,0.464,183,590,0.31,271,391,0.693,204,787,390,138,60,301,348
125,Iona,22,14,8,0.636,-5.96,-6.55,6,5,9,1,4,5,1621,1608,890,579,1321,0.438,207,587,0.353,256,370,0.692,203,776,313,156,70,262,344
126,Iowa,19,14,5,0.737,20.49,4.97,4,4,10,1,1,4,1480,1185,760,518,1018,0.509,155,412,0.376,289,376,0.769,169,581,311,144,50,197,344
127,Iowa State,20,18,2,0.9,26.2,5.5,5,2,11,0,3,2,1712,1298,800,616,1216,0.507,180,447,0.403,300,440,0.682,250,735,361,190,64,213,311
128,IU Indy,22,6,16,0.273,-12.69,-3.59,2,9,4,5,2,10,1889,1974,885,715,1560,0.458,219,693,0.316,240,332,0.723,265,727,460,217,74,267,495
129,Jackson State,20,6,14,0.3,-20.42,0.08,5,2,3,1,3,11,1338,1748,800,451,1165,0.387,159,511,0.311,277,361,0.767,187,634,219,124,52,288,386
130,Jacksonville,21,8,13,0.381,-10.82,-2.71,3,5,5,2,2,10,1540,1534,850,550,1213,0.453,167,504,0.331,273,391,0.698,234,712,271,152,62,256,393
131,Jacksonville State,19,10,9,0.526,-4.25,-3.06,5,3,8,4,2,4,1389,1252,760,467,1056,0.442,160,444,0.36,295,436,0.677,215,708,240,116,61,218,316
132,James Madison,21,10,11,0.476,-6.51,-4.26,3,6,7,2,2,9,1574,1605,845,535,1210,0.442,201,562,0.358,303,424,0.715,231,765,287,112,101,248,419
133,Kansas,20,15,5,0.75,22.94,11.99,5,2,9,1,3,3,1565,1346,810,554,1168,0.474,154,430,0.358,303,396,0.765,193,789,305,109,123,207,290
134,Kansas City,21,4,17,0.19,-16.2,-0.25,1,6,3,6,1,11,1505,1746,840,532,1249,0.426,143,448,0.319,298,422,0.706,231,715,257,135,60,292,353
135,Kansas State,21,10,11,0.476,10.57,7.38,1,7,8,5,1,5,1736,1669,840,628,1356,0.463,216,581,0.372,264,368,0.717,241,756,383,141,78,260,409
136,Kennesaw State,20,12,8,0.6,-0.9,-2.43,4,5,8,1,3,5,1756,1548,810,586,1308,0.448,202,579,0.349,382,548,0.697,314,881,305,145,113,253,408
137,Kent State,21,16,5,0.762,0.98,-1.75,7,2,11,2,3,3,1873,1714,865,618,1309,0.472,211,582,0.363,426,566,0.753,268,851,369,137,80,302,426
138,Kentucky,21,14,7,0.667,19.51,9.09,5,3,11,2,2,3,1705,1486,840,593,1272,0.466,174,513,0.339,345,472,0.731,252,803,344,162,102,220,364
139,La Salle,20,7,13,0.35,-3.61,3.92,3,4,5,3,1,7,1341,1455,800,469,1103,0.425,105,339,0.31,298,416,0.716,238,702,271,136,50,257,316
140,Lafayette,21,5,16,0.238,-12.72,-5.02,2,6,4,5,1,11,1461,1580,845,515,1231,0.418,167,487,0.343,264,383,0.689,202,704,278,123,51,227,358
141,Lamar,21,11,10,0.524,-3.87,-3.5,6,6,6,4,5,5,1525,1448,845,556,1264,0.44,155,450,0.344,258,360,0.717,272,788,317,157,104,257,375
142,Le Moyne,21,11,10,0.524,-8.77,-7.47,6,2,5,2,5,7,1567,1549,840,535,1156,0.463,169,473,0.357,328,451,0.727,190,725,296,127,81,272,376
143,Lehigh,21,9,12,0.429,-10.59,-5.7,5,3,6,4,2,7,1525,1570,870,537,1199,0.448,164,485,0.338,287,388,0.74,167,669,285,151,69,263,356
144,Liberty,20,17,3,0.85,5.57,-1.07,9,0,11,0,5,1,1588,1344,805,574,1101,0.521,214,525,0.408,226,325,0.695,121,614,352,137,74,174,273
145,Lindenwood,21,12,9,0.571,-7.05,-5.72,6,4,8,2,3,7,1694,1530,840,618,1311,0.471,125,413,0.303,333,487,0.684,266,831,333,198,94,289,352
146,Lipscomb,21,14,7,0.667,-0.98,-2.56,7,1,11,0,3,7,1715,1577,845,601,1321,0.455,235,633,0.371,278,362,0.768,211,758,389,158,62,248,344
147,Little Rock,20,9,11,0.45,-13.73,-6.18,6,3,5,2,4,9,1428,1521,800,528,1159,0.456,133,361,0.368,239,357,0.669,226,657,297,173,85,282,304
148,Long Beach State,21,8,13,0.381,-4.93,1.02,4,5,7,4,1,9,1575,1608,850,581,1265,0.459,145,443,0.327,268,366,0.732,203,691,296,149,61,256,410
149,Long Island University,20,12,8,0.6,-5.46,-4.21,6,1,5,1,7,7,1490,1515,805,559,1190,0.47,125,346,0.361,247,388,0.637,259,719,273,157,103,278,356
150,Longwood,22,12,10,0.545,-9.26,-7.84,4,3,9,2,2,7,1707,1608,895,590,1260,0.468,129,421,0.306,398,524,0.76,260,810,294,198,58,310,412
151,Louisiana,21,5,16,0.238,-14.35,-5.26,3,6,3,6,2,10,1262,1453,840,449,1137,0.395,163,512,0.318,201,297,0.677,189,628,221,111,73,245,398
152,Louisiana State,20,13,7,0.65,15.46,5.71,1,6,9,2,1,4,1664,1469,805,571,1166,0.49,137,408,0.336,385,496,0.776,219,761,298,122,83,220,365
153,Louisiana Tech,19,11,8,0.579,-6.16,-4.41,4,4,11,1,0,7,1300,1165,765,480,1097,0.438,107,357,0.3,233,363,0.642,247,751,228,132,82,218,302
154,Louisiana-Monroe,21,3,18,0.143,-20.7,-5.23,0,9,3,6,0,11,1487,1738,850,498,1220,0.408,169,508,0.333,322,449,0.717,183,686,263,134,78,277,281
155,Louisville,20,14,6,0.7,23.84,8.14,4,4,10,2,2,4,1720,1406,800,576,1247,0.462,238,677,0.352,330,429,0.769,249,813,350,145,66,231,383
156,Loyola (IL),22,5,17,0.227,-9.32,0.95,1,8,3,9,1,4,1479,1705,880,509,1223,0.416,177,577,0.307,284,415,0.684,252,760,306,85,85,287,370
157,Loyola (MD),21,7,14,0.333,-14.86,-8.6,3,5,5,4,1,9,1571,1604,845,549,1252,0.438,198,591,0.335,275,408,0.674,236,749,291,132,76,256,356
158,Loyola Marymount,22,11,11,0.5,1.62,1.86,2,7,8,5,2,5,1647,1569,895,592,1308,0.453,193,545,0.354,270,394,0.685,210,783,303,135,98,278,395
159,Maine,22,5,17,0.227,-15.82,-7.15,3,4,3,5,2,10,1349,1493,880,488,1111,0.439,125,403,0.31,248,385,0.644,160,640,260,168,81,289,364
160,Manhattan,22,8,14,0.364,-15.77,-6.25,4,7,5,4,1,10,1649,1783,895,567,1330,0.426,156,475,0.328,359,456,0.787,236,732,285,177,60,238,318
161,Marist,20,13,7,0.65,-0.58,-7.32,7,4,9,2,4,5,1415,1255,800,525,1169,0.449,135,422,0.32,230,292,0.788,192,719,316,147,53,230,339
162,Marquette,22,8,14,0.364,6.29,8.29,3,8,8,5,0,7,1679,1723,895,592,1382,0.428,174,570,0.305,321,478,0.672,269,778,340,207,65,241,380
163,Marshall,20,13,7,0.65,0.43,-3.73,5,3,10,2,3,5,1625,1496,800,572,1238,0.462,211,567,0.372,270,366,0.738,248,790,348,122,112,253,412
164,Maryland,20,8,12,0.4,2.7,8.75,1,8,5,4,1,6,1459,1580,805,471,1171,0.402,173,537,0.322,344,470,0.732,248,715,212,107,51,251,362
165,Maryland-Baltimore County,19,12,7,0.632,-8.47,-10.29,5,1,8,2,4,5,1439,1337,770,519,1093,0.475,155,430,0.36,246,337,0.73,152,660,249,89,55,207,250
166,Maryland-Eastern Shore,21,8,13,0.381,-13.64,-2.54,4,0,5,1,2,12,1357,1499,855,508,1142,0.445,117,395,0.296,224,319,0.702,209,691,295,122,53,320,380
167,Massachusetts,22,13,9,0.591,-0.71,-3.71,4,6,8,3,2,4,1758,1644,885,627,1350,0.464,168,478,0.351,336,497,0.676,271,832,383,155,53,299,457
168,Massachusetts-Lowell,21,8,13,0.381,-15.15,-4.77,3,3,5,3,3,10,1575,1638,840,566,1221,0.464,127,386,0.329,316,477,0.662,247,770,266,111,70,278,318
169,McNeese State,21,17,4,0.81,9.23,-0.14,10,2,10,0,4,4,1745,1423,840,612,1274,0.48,140,437,0.32,381,494,0.771,282,762,307,224,92,209,409
170,Memphis,19,9,10,0.474,6.13,6.23,4,3,8,2,1,6,1391,1393,765,498,1154,0.432,135,419,0.322,260,377,0.69,250,705,268,177,81,276,375
171,Mercer,21,13,8,0.619,0.22,-2.11,5,3,9,0,4,8,1785,1581,840,627,1345,0.466,191,560,0.341,340,463,0.734,275,820,312,189,75,231,323
172,Mercyhurst,21,10,11,0.476,-10.29,-7.19,5,3,7,2,3,9,1393,1372,844,543,1200,0.453,124,378,0.328,183,271,0.675,186,662,312,161,85,216,367
173,Merrimack,22,13,9,0.591,-6.38,-4.29,9,2,7,0,5,7,1474,1520,880,477,1162,0.41,170,536,0.317,350,455,0.769,181,620,260,175,105,225,382
174,Miami (FL),20,16,4,0.8,17.13,1.48,5,2,11,1,4,1,1699,1386,800,621,1217,0.51,139,408,0.341,316,456,0.693,246,775,354,166,65,237,332
175,Miami (OH),21,21,0,1.0,6.81,-5.52,9,0,12,0,8,0,1977,1577,855,676,1258,0.537,237,580,0.409,388,504,0.77,175,754,366,160,78,228,349
176,Michigan,20,19,1,0.95,34.05,12.0,9,1,10,1,5,0,1817,1376,806,632,1227,0.515,183,531,0.345,370,512,0.723,227,839,380,136,118,253,319
177,Michigan State,21,19,2,0.905,25.01,9.01,9,1,11,1,4,1,1670,1334,845,588,1227,0.479,160,446,0.359,334,452,0.739,273,870,396,118,96,256,324
178,Middle Tennessee,19,11,8,0.579,2.75,4.62,5,3,8,1,2,5,1419,1331,775,507,1146,0.442,186,523,0.356,219,319,0.687,213,699,271,120,91,218,338
179,Milwaukee,22,9,13,0.409,-6.02,-0.35,5,6,6,3,2,10,1694,1758,880,616,1396,0.441,167,519,0.322,295,433,0.681,292,811,290,147,64,230,420
180,Minnesota,20,10,10,0.5,9.29,5.74,3,6,9,3,1,4,1441,1370,815,487,1079,0.451,158,484,0.326,309,446,0.693,200,680,363,137,58,218,323
181,Mississippi,20,11,9,0.55,9.75,6.15,3,4,7,3,2,3,1497,1425,805,525,1193,0.44,153,447,0.342,294,397,0.741,218,715,274,139,93,198,387
182,Mississippi State,20,10,10,0.5,7.8,8.65,2,5,7,4,2,2,1553,1570,815,560,1273,0.44,150,504,0.298,283,412,0.687,247,811,247,121,92,229,316
183,Mississippi Valley State,20,1,19,0.05,-29.27,-2.79,0,6,1,5,0,12,1255,1722,810,448,1125,0.398,103,352,0.293,256,354,0.723,182,601,241,155,58,328,405
184,Missouri,21,14,7,0.667,10.66,4.23,4,4,12,1,2,5,1685,1550,845,600,1210,0.496,155,446,0.348,330,494,0.668,248,771,307,149,71,266,377
185,Missouri State,20,12,8,0.6,-2.54,-1.42,6,3,9,2,3,6,1512,1443,810,512,1139,0.45,149,477,0.312,339,495,0.685,240,717,283,142,65,232,350
186,Monmouth,21,10,11,0.476,-3.33,-3.33,4,4,6,3,3,7,1506,1478,850,533,1214,0.439,138,393,0.351,302,418,0.722,237,762,301,157,109,254,340
187,Montana,21,12,9,0.571,0.52,0.46,6,2,8,4,4,5,1677,1528,840,584,1165,0.501,176,486,0.362,333,427,0.78,150,749,340,113,57,285,368
188,Montana State,21,13,8,0.619,1.64,-0.13,7,1,8,1,4,7,1662,1484,845,587,1244,0.472,210,571,0.368,278,367,0.757,208,713,244,141,56,218,350
189,Morehead State,21,11,10,0.524,-12.38,-5.27,7,3,7,1,3,9,1614,1617,850,582,1257,0.463,132,394,0.335,318,443,0.718,279,778,306,144,68,263,370
190,Morgan State,21,8,13,0.381,-20.47,-7.19,4,2,5,5,3,8,1553,1656,842,527,1226,0.43,138,428,0.322,361,493,0.732,233,710,273,110,71,275,463
191,Mount St. Mary's,22,9,13,0.409,-12.42,-5.81,5,6,5,4,4,9,1490,1598,885,522,1201,0.435,174,535,0.325,272,406,0.67,220,795,298,134,71,349,400
192,Murray State,21,16,5,0.762,7.75,-1.01,8,2,10,0,3,3,1834,1650,840,615,1299,0.473,214,594,0.36,390,513,0.76,258,801,315,119,90,250,398
193,Navy,21,15,6,0.714,-2.9,-9.43,7,1,10,1,4,4,1551,1347,850,526,1141,0.461,139,394,0.353,360,486,0.741,223,783,320,147,59,252,321
194,NC State,21,15,6,0.714,21.17,7.41,6,2,9,3,4,1,1794,1505,850,612,1281,0.478,222,569,0.39,348,455,0.765,211,762,351,184,66,205,399
195,Nebraska,21,20,1,0.952,23.45,8.4,9,1,12,0,5,1,1690,1374,840,600,1263,0.475,228,644,0.354,262,344,0.762,185,752,387,150,58,190,296
196,Nevada,21,15,6,0.714,11.56,5.85,7,3,10,2,4,3,1602,1482,850,523,1205,0.434,148,383,0.386,408,536,0.761,249,761,302,141,87,197,378
197,Nevada-Las Vegas,20,10,10,0.5,3.13,4.61,5,4,6,5,4,2,1560,1546,805,540,1179,0.458,127,408,0.311,353,518,0.681,236,716,284,170,88,253,427
198,New Hampshire,19,7,12,0.368,-12.38,-3.08,3,3,6,2,1,10,1341,1389,780,482,1162,0.415,157,491,0.32,220,318,0.692,201,684,220,117,49,219,356
199,New Haven,20,9,11,0.45,-14.33,-4.62,4,3,6,3,3,8,1295,1335,800,484,1090,0.444,137,437,0.314,190,286,0.664,178,642,255,141,49,242,279
200,New Mexico,21,17,4,0.81,15.75,3.9,8,2,12,0,4,3,1704,1417,840,582,1281,0.454,204,585,0.349,336,449,0.748,223,784,317,175,67,233,368
201,New Mexico State,19,10,9,0.526,2.16,-0.28,3,6,7,3,1,4,1465,1328,760,511,1157,0.442,154,446,0.345,287,397,0.723,240,724,257,133,66,206,384
202,New Orleans,21,8,13,0.381,-4.32,1.73,6,6,3,3,5,10,1563,1690,845,524,1183,0.443,142,426,0.333,373,497,0.751,254,783,264,114,84,313,419
203,Niagara,20,5,15,0.25,-18.79,-7.79,2,8,3,3,2,11,1263,1449,800,467,1083,0.431,135,428,0.315,194,271,0.716,162,577,269,112,67,229,305
204,Nicholls State,21,8,13,0.381,-6.61,-0.26,7,5,5,3,3,10,1555,1614,840,535,1243,0.43,199,574,0.347,286,432,0.662,228,646,286,208,49,254,389
205,NJIT,21,9,12,0.429,-16.41,-5.76,4,2,5,3,4,9,1414,1592,840,475,1218,0.39,164,528,0.311,300,416,0.721,213,728,224,124,65,263,396
206,Norfolk State,23,10,13,0.435,-12.12,-7.38,3,3,6,3,3,8,1758,1680,920,621,1341,0.463,133,402,0.331,383,567,0.675,270,826,280,164,67,282,443
207,North Alabama,18,6,12,0.333,-15.01,-4.32,1,6,3,5,3,7,1283,1416,725,449,1035,0.434,114,364,0.313,271,392,0.691,200,604,185,125,77,194,279
208,North Carolina,20,16,4,0.8,19.53,7.03,4,3,12,0,2,3,1651,1401,800,573,1188,0.482,176,509,0.346,329,487,0.676,231,801,341,115,74,197,297
209,North Carolina A&T,19,9,10,0.474,-8.87,-5.93,2,6,6,3,3,6,1447,1451,760,479,1057,0.453,115,361,0.319,374,529,0.707,217,740,233,101,78,247,360
210,North Carolina Central,19,7,12,0.368,-16.89,-1.02,3,1,5,3,2,9,1399,1483,760,478,1098,0.435,118,367,0.322,325,445,0.73,211,627,293,170,65,238,353
211,North Dakota,24,12,12,0.5,-9.08,-3.12,6,2,7,5,5,6,1863,1840,970,650,1481,0.439,198,582,0.34,365,524,0.697,279,813,275,228,62,251,493
212,North Dakota State,23,18,5,0.783,2.02,-4.78,8,0,10,0,7,4,1863,1605,935,664,1423,0.467,213,592,0.36,322,444,0.725,279,828,352,208,74,252,343
213,North Florida,21,5,16,0.238,-15.97,-0.13,3,5,4,4,1,10,1717,1919,845,601,1323,0.454,248,689,0.36,267,341,0.783,197,664,314,118,33,271,391
214,North Texas,20,12,8,0.6,0.94,-0.12,3,4,9,3,2,4,1397,1291,805,484,1118,0.433,126,390,0.323,301,437,0.689,229,678,261,193,96,252,397
215,Northeastern,20,6,14,0.3,-6.91,-2.56,2,7,2,5,3,9,1534,1621,805,556,1187,0.468,154,444,0.347,268,388,0.691,193,617,306,154,67,239,380
216,Northern Arizona,21,7,14,0.333,-10.13,-0.3,1,7,7,4,0,9,1527,1591,840,560,1191,0.47,155,417,0.372,252,380,0.663,179,664,292,152,57,237,361
217,Northern Colorado,21,11,10,0.524,-1.91,-1.74,1,7,5,3,5,6,1746,1638,860,637,1306,0.488,216,584,0.37,256,338,0.757,218,775,362,93,38,248,378
218,Northern Illinois,20,7,13,0.35,-10.98,-2.48,3,6,6,3,1,10,1471,1521,800,496,1167,0.425,172,535,0.321,307,454,0.676,275,733,262,130,31,304,387
219,Northern Iowa,21,13,8,0.619,6.09,1.69,5,5,9,3,3,4,1423,1270,850,527,1167,0.452,158,472,0.335,211,313,0.674,151,695,304,145,70,191,328
220,Northern Kentucky,22,14,8,0.636,-1.37,-4.53,6,5,10,3,4,5,1862,1678,885,654,1362,0.48,201,583,0.345,353,482,0.732,260,780,344,201,73,271,395
221,Northwestern,20,9,11,0.45,12.31,7.51,1,8,6,4,2,4,1530,1434,805,538,1157,0.465,123,397,0.31,331,444,0.745,193,662,356,107,77,168,363
222,Northwestern State,20,6,14,0.3,-8.87,0.02,4,7,5,3,1,11,1451,1538,805,488,1075,0.454,132,380,0.347,343,462,0.742,179,605,245,139,39,242,353
223,Notre Dame,21,11,10,0.524,10.06,7.54,2,6,8,4,2,4,1555,1502,855,544,1214,0.448,179,504,0.355,288,412,0.699,242,789,253,92,46,242,370
224,Oakland,22,12,10,0.545,1.59,2.92,8,3,5,2,6,7,1855,1817,880,645,1351,0.477,156,449,0.347,409,546,0.749,243,761,350,169,72,224,332
225,Ohio,22,11,11,0.5,-4.17,0.43,5,5,8,4,2,5,1685,1701,885,602,1304,0.462,148,490,0.302,333,482,0.691,224,743,285,153,77,267,389
226,Ohio State,20,14,6,0.7,17.11,7.46,6,4,10,2,3,3,1644,1451,815,573,1155,0.496,157,465,0.338,341,435,0.784,206,712,308,104,50,217,356
227,Oklahoma,21,11,10,0.524,11.65,4.41,1,7,8,3,1,5,1753,1601,845,608,1310,0.464,204,585,0.349,333,450,0.74,258,801,312,133,86,214,369
228,Oklahoma State,20,14,6,0.7,12.52,6.77,2,5,12,2,0,3,1723,1608,800,597,1260,0.474,156,448,0.348,373,495,0.754,224,761,308,156,57,256,341
229,Old Dominion,21,6,15,0.286,-6.82,-1.22,3,6,4,4,2,11,1557,1629,850,545,1265,0.431,163,481,0.339,304,425,0.715,203,750,260,126,64,233,408
230,Omaha,22,10,12,0.455,-7.67,-2.84,3,4,6,4,4,6,1674,1667,885,591,1265,0.467,188,530,0.355,304,424,0.717,204,759,302,142,52,263,360
231,Oral Roberts,22,5,17,0.227,-11.22,1.04,0,7,4,7,0,9,1583,1717,890,523,1239,0.422,183,579,0.316,354,476,0.744,224,730,254,138,75,310,431
232,Oregon,20,8,12,0.4,9.54,10.59,1,8,7,4,1,4,1462,1483,805,495,1159,0.427,167,504,0.331,305,430,0.709,251,723,283,122,88,249,319
233,Oregon State,22,10,12,0.455,-2.24,2.44,3,6,9,4,1,5,1541,1644,890,480,1143,0.42,178,524,0.34,403,517,0.779,176,684,280,131,86,264,409
234,Pacific,22,14,8,0.636,3.34,0.44,5,4,9,0,3,8,1647,1508,885,588,1239,0.475,163,459,0.355,308,404,0.762,262,848,328,128,57,298,402
235,Penn State,20,9,11,0.45,5.06,6.21,0,9,7,5,1,4,1532,1555,800,545,1165,0.468,155,466,0.333,287,387,0.742,188,614,265,142,28,191,310
236,Pennsylvania,18,9,9,0.5,-2.68,-1.38,2,3,7,2,2,6,1384,1359,720,475,1072,0.443,144,375,0.384,290,417,0.695,217,663,256,105,60,204,305
237,Pepperdine,22,6,16,0.273,-6.36,3.84,1,8,5,7,1,8,1530,1689,885,536,1258,0.426,141,490,0.288,317,413,0.768,237,737,297,132,51,292,323
238,Pittsburgh,21,9,12,0.429,8.0,6.48,2,6,7,7,1,4,1533,1501,845,548,1239,0.442,178,514,0.346,259,390,0.664,261,748,276,141,69,228,362
239,Portland,22,10,12,0.455,-1.02,3.23,3,6,9,5,1,7,1709,1740,890,614,1308,0.469,141,456,0.309,340,460,0.739,223,769,386,131,70,300,405
240,Portland State,18,13,5,0.722,0.43,-2.57,7,0,7,1,6,4,1439,1273,730,527,1100,0.479,129,382,0.338,256,366,0.699,216,694,300,136,78,230,378
241,Prairie View,21,8,13,0.381,-15.71,-5.65,3,5,6,2,1,10,1691,1676,840,569,1275,0.446,129,388,0.332,424,558,0.76,207,698,259,190,85,268,419
242,Presbyterian,22,11,11,0.5,-9.05,-5.37,4,3,8,2,2,9,1579,1550,880,567,1204,0.471,120,375,0.32,325,485,0.67,248,776,291,128,89,279,379
243,Princeton,20,7,13,0.35,-5.78,-1.67,3,2,7,1,0,8,1393,1430,810,465,1124,0.414,179,533,0.336,284,380,0.747,195,690,258,102,43,222,337
244,Providence,21,9,12,0.429,10.67,8.0,2,8,7,4,1,5,1864,1808,865,641,1342,0.478,192,545,0.352,390,500,0.78,233,812,327,127,94,246,408
245,Purdue,21,17,4,0.81,25.43,11.48,7,3,10,2,4,2,1747,1454,840,653,1277,0.511,187,490,0.382,254,343,0.741,233,761,422,122,63,195,298
246,Purdue Fort Wayne,21,13,8,0.619,-5.38,-1.32,7,3,9,1,4,7,1704,1613,840,614,1297,0.473,212,595,0.356,264,367,0.719,171,647,313,193,73,207,320
247,Queens (NC),21,12,9,0.571,-3.74,-3.54,7,1,8,0,4,8,1753,1746,845,604,1279,0.472,213,615,0.346,332,449,0.739,234,728,337,109,64,235,412
248,Quinnipiac,22,14,8,0.636,-3.75,-5.32,7,4,8,2,6,6,1697,1604,885,614,1389,0.442,168,460,0.365,301,433,0.695,260,785,313,193,100,242,360
249,Radford,22,11,11,0.5,-7.81,-5.44,4,3,9,4,2,5,1797,1734,880,607,1337,0.454,215,632,0.34,368,517,0.712,254,778,302,167,80,273,409
250,Rhode Island,21,13,8,0.619,4.86,-0.43,4,4,7,4,4,2,1525,1414,845,522,1147,0.455,152,492,0.309,329,451,0.729,227,691,235,189,79,266,383
251,Rice,20,8,12,0.4,-5.89,0.5,2,5,5,6,2,5,1482,1479,810,502,1184,0.424,178,486,0.366,300,432,0.694,267,748,244,146,81,245,372
252,Richmond,22,13,9,0.591,4.29,-0.71,3,6,9,4,3,4,1743,1610,885,590,1294,0.456,196,523,0.375,367,487,0.754,212,787,324,167,53,226,387
253,Rider,19,2,17,0.105,-18.17,-2.62,1,9,2,6,0,11,1188,1436,760,433,1106,0.392,81,305,0.266,241,346,0.697,248,703,195,94,69,239,318
254,Robert Morris,22,13,9,0.591,-4.2,-4.05,5,6,8,3,5,6,1719,1652,905,625,1343,0.465,192,529,0.363,277,399,0.694,304,835,389,127,48,285,441
255,Rutgers,21,9,12,0.429,3.05,8.05,2,8,8,5,0,5,1473,1578,856,493,1213,0.406,139,432,0.322,348,474,0.734,252,728,225,132,76,223,358
256,Sacramento State,19,6,13,0.316,-9.76,0.86,2,5,6,1,0,12,1473,1561,765,484,1187,0.408,145,451,0.322,360,464,0.776,214,693,247,132,72,215,359
257,Sacred Heart,22,9,13,0.409,-11.6,-7.84,5,6,5,4,4,9,1660,1682,885,571,1310,0.436,239,657,0.364,279,364,0.766,244,769,335,147,49,280,338
258,Saint Francis (PA),20,6,14,0.3,-18.92,-2.7,4,3,5,4,1,8,1402,1610,800,507,1209,0.419,161,475,0.339,227,321,0.707,205,665,280,154,50,256,357
259,Saint Joseph's,21,13,8,0.619,-0.84,-0.52,5,3,9,2,2,6,1580,1525,845,550,1279,0.43,163,555,0.294,317,418,0.758,260,826,326,125,108,255,312
260,Saint Louis,21,20,1,0.952,20.76,0.06,8,0,14,0,5,0,1908,1413,840,675,1306,0.517,232,587,0.395,326,440,0.741,239,903,405,156,70,257,393
261,Saint Mary's (CA),22,19,3,0.864,16.2,4.01,8,1,12,0,5,1,1729,1419,880,580,1245,0.466,167,444,0.376,402,496,0.81,264,872,338,122,74,246,346
262,Saint Peter's,18,11,7,0.611,-6.25,-6.61,8,2,9,1,2,6,1286,1214,725,432,1069,0.404,131,431,0.304,291,387,0.752,253,655,229,175,70,210,362
263,Sam Houston,20,13,7,0.65,4.7,1.52,5,4,7,1,4,6,1680,1479,800,605,1295,0.467,182,504,0.361,288,401,0.718,284,845,326,154,57,244,370
264,Samford,21,10,11,0.476,-8.14,-4.56,3,5,6,3,3,7,1626,1603,850,545,1250,0.436,199,591,0.337,337,501,0.673,203,763,318,98,67,183,334
265,San Diego,22,9,13,0.409,-2.21,3.24,3,6,8,5,1,7,1674,1708,880,598,1337,0.447,199,575,0.346,279,365,0.764,229,701,357,186,69,280,393
266,San Diego State,19,14,5,0.737,13.77,7.44,8,1,9,1,4,1,1545,1369,785,550,1143,0.481,138,367,0.376,307,409,0.751,205,697,309,156,86,245,357
267,San Francisco,22,13,9,0.591,6.42,2.7,5,4,8,2,2,5,1657,1534,890,559,1263,0.443,211,588,0.359,328,469,0.699,249,839,317,119,72,250,391
268,San Jose State,21,6,15,0.286,-3.85,5.85,1,9,5,6,0,8,1463,1603,845,506,1186,0.427,157,443,0.354,294,403,0.73,229,637,215,123,39,246,368
269,Santa Clara,22,17,5,0.773,15.27,4.32,8,1,11,0,4,2,1814,1554,880,669,1423,0.47,212,640,0.331,264,366,0.721,295,805,385,198,100,266,434
270,Seattle,22,14,8,0.636,4.87,2.62,3,6,10,3,3,4,1632,1478,885,581,1289,0.451,166,485,0.342,304,435,0.699,211,743,308,184,112,263,367
271,Seton Hall,20,14,6,0.7,13.19,5.69,4,5,8,3,4,2,1431,1281,800,506,1180,0.429,101,327,0.309,318,440,0.723,265,742,266,189,113,220,393
272,Siena,21,14,7,0.667,-3.14,-8.86,7,3,6,3,6,4,1484,1364,840,544,1189,0.458,119,380,0.313,277,375,0.739,229,730,285,138,60,215,290
273,South Alabama,20,14,6,0.7,-6.02,-8.13,5,3,5,2,6,4,1495,1375,815,527,1131,0.466,130,388,0.335,311,464,0.67,183,734,224,167,50,187,234
274,South Carolina,20,11,9,0.55,9.41,4.06,2,5,10,3,1,4,1567,1460,810,531,1161,0.457,173,538,0.322,332,422,0.787,187,686,293,108,52,206,344
275,South Carolina State,21,5,16,0.238,-23.56,-4.83,3,2,4,3,1,13,1384,1720,840,480,1181,0.406,131,381,0.344,293,461,0.636,241,665,245,140,73,313,465
276,South Carolina Upstate,22,9,13,0.409,-9.72,-4.4,1,6,6,4,3,9,1665,1611,890,594,1339,0.444,164,479,0.342,313,457,0.685,242,821,281,136,101,260,404
277,South Dakota,22,11,11,0.5,-9.08,-3.76,3,4,9,3,1,8,1807,1819,890,610,1324,0.461,159,447,0.356,428,575,0.744,267,771,269,149,54,282,348
278,South Dakota State,21,10,11,0.476,-0.9,-1.01,3,3,7,1,2,6,1603,1515,845,577,1239,0.466,172,499,0.345,277,403,0.687,233,779,313,132,52,245,346
279,South Florida,20,13,7,0.65,11.71,3.45,5,2,8,2,4,2,1795,1577,820,588,1340,0.439,203,602,0.337,416,567,0.734,314,867,351,187,94,233,417
280,Southeast Missouri State,21,11,10,0.524,-7.26,-5.2,6,4,7,4,3,6,1589,1526,840,574,1256,0.457,138,461,0.299,303,449,0.675,210,697,282,145,67,254,415
281,Southeastern Louisiana,21,6,15,0.286,-7.58,-1.68,3,9,3,5,1,10,1371,1463,845,457,1134,0.403,126,458,0.275,331,471,0.703,217,687,245,159,62,273,402
282,Southern,19,7,12,0.368,-10.14,0.11,3,3,4,2,3,10,1529,1511,770,542,1202,0.451,136,398,0.342,309,452,0.684,231,691,273,203,63,245,375
283,Southern California,20,15,5,0.75,13.24,8.3,4,5,7,3,4,2,1642,1509,820,554,1186,0.467,129,406,0.318,405,567,0.714,231,757,319,126,113,243,387
284,Southern Illinois,20,8,12,0.4,1.87,1.71,2,7,5,3,2,8,1509,1465,815,562,1214,0.463,97,349,0.278,288,433,0.665,231,772,279,157,72,256,380
285,SIU Edwardsville,21,13,8,0.619,-8.93,-9.43,6,4,7,4,5,4,1529,1371,845,552,1240,0.445,148,437,0.339,277,409,0.677,250,780,282,163,84,239,342
286,Southern Indiana,20,5,15,0.25,-13.87,-7.76,2,8,3,6,2,7,1411,1467,810,482,1227,0.393,170,539,0.315,277,428,0.647,252,776,217,126,92,246,344
287,Southern Methodist,20,15,5,0.75,19.13,8.88,4,3,12,1,2,3,1745,1540,810,624,1262,0.494,158,432,0.366,339,441,0.769,247,767,356,154,79,232,344
288,Southern Mississippi,22,11,11,0.5,-8.12,-5.47,5,5,6,1,3,9,1628,1622,890,569,1256,0.453,113,389,0.29,377,515,0.732,228,789,259,175,80,282,416
289,Southern Utah,21,7,14,0.333,-11.56,0.55,3,5,6,2,0,12,1635,1695,845,590,1292,0.457,164,486,0.337,291,400,0.728,224,778,305,119,93,291,348
290,St. Bonaventure,20,12,8,0.6,1.09,-0.18,1,6,8,3,2,3,1542,1478,805,569,1234,0.461,145,400,0.363,259,341,0.76,253,703,322,154,92,224,319
291,St. John's (NY),20,15,5,0.75,21.61,9.21,8,1,9,2,5,0,1701,1453,800,577,1244,0.464,153,433,0.353,394,539,0.731,278,770,323,169,100,232,358
292,St. Thomas,22,17,5,0.773,1.87,-3.82,6,1,10,0,6,4,1804,1591,880,637,1266,0.503,202,571,0.354,328,470,0.698,153,719,367,184,56,217,350
293,Stanford,20,14,6,0.7,11.48,7.98,3,4,9,5,2,1,1519,1449,800,495,1173,0.422,171,510,0.335,358,494,0.725,238,697,241,159,66,221,355
294,Stephen F. Austin,21,18,3,0.857,4.66,-5.29,11,1,10,0,8,3,1640,1376,840,601,1329,0.452,193,539,0.358,245,374,0.655,280,832,300,147,76,200,348
295,Stetson,21,7,14,0.333,-14.29,-1.97,3,5,6,3,1,10,1512,1698,845,529,1202,0.44,180,542,0.332,274,410,0.668,207,709,300,138,43,287,325
296,Stonehill,21,7,14,0.333,-15.25,-7.15,4,4,5,3,2,10,1409,1470,855,513,1209,0.424,159,478,0.333,224,331,0.677,224,813,282,96,79,305,354
297,Stony Brook,21,12,9,0.571,-5.48,-3.43,4,4,9,2,2,6,1517,1485,855,534,1248,0.428,202,566,0.357,247,353,0.7,221,740,296,139,86,235,338
298,Syracuse,21,12,9,0.571,10.33,4.91,3,5,9,4,2,2,1581,1467,850,568,1217,0.467,147,441,0.333,298,470,0.634,226,740,277,144,128,243,345
299,Tarleton State,20,11,9,0.55,-1.58,-0.83,2,5,8,2,3,7,1603,1487,810,558,1193,0.468,101,300,0.337,386,504,0.766,224,674,254,224,53,289,415
300,TCU,20,13,7,0.65,15.46,5.81,3,4,9,4,2,3,1600,1407,810,561,1214,0.462,155,453,0.342,323,448,0.721,229,714,327,153,107,225,338
301,Temple,20,13,7,0.65,0.7,-2.93,5,2,8,2,4,2,1503,1388,800,500,1107,0.452,141,396,0.356,362,489,0.74,198,689,251,116,95,185,329
302,Tennessee,19,13,6,0.684,21.42,8.21,3,3,10,1,1,3,1562,1311,770,552,1148,0.481,136,390,0.349,322,466,0.691,287,808,334,152,71,248,349
303,Tennessee State,20,13,7,0.65,-7.68,-6.5,7,3,5,1,7,6,1627,1537,805,595,1295,0.459,125,393,0.318,312,421,0.741,261,768,276,200,71,257,377
304,Tennessee Tech,21,7,14,0.333,-15.78,-5.84,2,8,4,5,3,9,1540,1605,840,545,1237,0.441,137,459,0.298,313,428,0.731,231,769,265,139,70,289,363
305,Tennessee-Martin,20,15,5,0.75,-5.15,-7.97,7,2,9,0,5,4,1457,1285,800,490,1135,0.432,158,505,0.313,319,470,0.679,280,829,269,175,95,299,343
306,Texas,20,12,8,0.6,17.66,7.71,3,4,9,3,1,3,1721,1491,805,583,1191,0.49,152,450,0.338,403,547,0.737,265,808,263,130,58,226,392
307,Texas A&M,20,16,4,0.8,18.01,2.91,6,1,12,1,3,2,1835,1533,815,613,1288,0.476,229,614,0.373,380,508,0.748,247,762,399,182,71,230,392
308,Texas A&M-Corpus Christi,21,11,10,0.524,-2.29,0.89,7,5,6,3,5,7,1532,1402,840,544,1220,0.446,130,381,0.341,314,477,0.658,258,785,287,173,72,274,416
309,Texas Southern,19,6,13,0.316,-14.21,-3.15,4,4,5,4,1,9,1425,1531,765,495,1099,0.45,119,362,0.329,316,445,0.71,190,647,214,126,60,268,375
310,Texas State,22,11,11,0.5,-11.18,-7.33,4,6,10,1,1,8,1608,1574,890,586,1282,0.457,102,324,0.315,334,446,0.749,259,801,280,198,80,294,401
311,Texas Tech,20,16,4,0.8,22.63,12.23,6,1,11,0,2,2,1683,1475,800,595,1262,0.471,228,582,0.392,265,373,0.71,253,766,324,124,68,208,326
312,Texas-Rio Grande Valley,21,10,11,0.476,-1.33,-0.49,6,6,6,4,4,7,1544,1445,840,557,1208,0.461,191,520,0.367,239,329,0.726,203,733,347,137,58,251,374
313,The Citadel,21,6,15,0.286,-17.42,-4.09,3,5,5,5,1,9,1471,1629,855,512,1214,0.422,197,599,0.329,250,358,0.698,222,709,267,103,45,235,345
314,Toledo,21,11,10,0.524,-0.19,0.18,5,4,7,3,3,6,1726,1656,840,623,1305,0.477,148,417,0.355,332,426,0.779,239,716,337,160,61,230,314
315,Towson,22,12,10,0.545,-1.64,-0.04,4,5,7,2,2,7,1530,1476,880,561,1342,0.418,141,495,0.285,267,382,0.699,320,873,226,152,62,245,345
316,Troy,21,15,6,0.714,1.8,-3.25,8,1,7,1,7,4,1817,1602,890,622,1347,0.462,216,604,0.358,357,488,0.732,276,833,352,189,69,262,368
317,Tulane,20,12,8,0.6,-2.59,-1.53,3,4,8,4,3,2,1463,1471,805,468,1090,0.429,151,477,0.317,376,486,0.774,159,617,250,161,93,211,342
318,Tulsa,20,17,3,0.85,12.09,-0.19,5,2,8,1,5,2,1759,1444,800,573,1170,0.49,206,520,0.396,407,512,0.795,233,766,313,134,50,208,319
319,UAB,20,12,8,0.6,4.59,0.16,3,4,6,6,4,2,1647,1507,815,593,1336,0.444,110,382,0.288,351,490,0.716,279,833,292,171,64,182,300
320,UC Davis,20,12,8,0.6,-0.33,-0.33,5,4,9,3,3,5,1593,1510,800,531,1150,0.462,179,494,0.362,352,474,0.743,193,678,329,156,54,262,380
321,UC Irvine,21,14,7,0.667,2.64,-1.1,7,2,6,3,5,3,1616,1402,845,587,1267,0.463,121,361,0.335,321,469,0.684,245,850,337,152,128,259,335
322,UC Riverside,21,7,14,0.333,-9.54,0.82,2,7,4,4,3,10,1502,1633,840,525,1196,0.439,149,450,0.331,303,412,0.735,207,711,261,103,83,283,390
323,UC San Diego,21,15,6,0.714,4.79,-1.42,5,4,5,4,6,2,1665,1492,840,589,1255,0.469,194,562,0.345,293,418,0.701,215,790,319,155,52,222,336
324,UC Santa Barbara,20,13,7,0.65,1.55,-2.51,6,3,8,2,3,4,1600,1461,810,546,1123,0.486,182,465,0.391,326,429,0.76,217,695,304,140,50,249,375
325,UCF,20,16,4,0.8,14.65,7.6,5,3,11,2,3,2,1680,1539,800,612,1269,0.482,174,458,0.38,282,386,0.731,260,769,331,110,58,237,357
326,UCLA,20,14,6,0.7,15.45,7.2,6,3,12,0,2,3,1547,1382,800,546,1139,0.479,150,399,0.376,305,408,0.748,196,638,314,137,69,201,340
327,UNC Asheville,21,9,12,0.429,-4.47,-1.81,3,4,6,5,2,7,1567,1534,845,544,1179,0.461,150,413,0.363,329,470,0.7,219,741,236,121,60,271,386
328,UNC Greensboro,21,8,13,0.381,-12.01,-3.38,4,4,5,5,2,5,1642,1700,850,558,1227,0.455,168,471,0.357,358,519,0.69,218,756,266,108,37,220,334
329,UNC Wilmington,21,18,3,0.857,1.73,-6.59,7,1,11,1,7,2,1632,1401,840,548,1220,0.449,154,445,0.346,382,548,0.697,283,857,278,113,57,219,351
330,UT Arlington,19,13,6,0.684,-0.08,-1.14,5,2,7,1,6,4,1367,1242,760,472,1043,0.453,103,333,0.309,320,444,0.721,229,707,240,150,73,276,356
331,Utah,20,9,11,0.45,6.6,8.05,1,6,8,3,0,6,1601,1630,805,565,1212,0.466,172,464,0.371,299,406,0.736,206,693,283,117,66,223,350
332,Utah State,19,16,3,0.842,17.05,3.89,7,2,7,1,5,2,1591,1298,765,574,1121,0.512,158,432,0.366,285,400,0.713,226,678,337,185,61,212,361
333,Utah Tech,22,11,11,0.5,-4.33,-0.76,4,4,7,2,3,8,1698,1632,895,619,1323,0.468,164,510,0.322,296,406,0.729,225,764,328,170,75,270,368
334,Utah Valley,21,15,6,0.714,5.31,-0.47,5,3,10,0,2,6,1729,1452,845,642,1266,0.507,146,434,0.336,299,426,0.702,255,795,406,197,113,302,382
335,UTEP,20,7,13,0.35,-6.94,0.88,3,6,6,4,1,7,1396,1449,810,500,1146,0.436,142,424,0.335,254,376,0.676,208,645,254,156,76,246,380
336,UTSA,20,4,16,0.2,-16.86,0.69,0,8,2,7,1,8,1360,1576,800,481,1239,0.388,147,524,0.281,251,367,0.684,253,740,219,140,89,255,344
337,Valparaiso,20,10,10,0.5,0.17,1.07,4,5,9,3,1,7,1417,1394,805,477,1164,0.41,140,434,0.323,323,449,0.719,241,739,231,120,78,215,366
338,Vanderbilt,21,18,3,0.857,24.46,7.93,5,3,10,1,5,2,1882,1535,845,646,1321,0.489,213,585,0.364,377,488,0.773,217,778,373,193,111,202,408
339,Vermont,21,13,8,0.619,-5.36,-6.78,5,1,6,2,6,4,1576,1491,855,561,1196,0.469,184,528,0.348,270,364,0.742,189,740,271,97,63,200,358
340,Villanova,20,15,5,0.75,17.08,8.63,6,3,8,2,5,2,1548,1379,810,547,1190,0.46,195,537,0.363,259,364,0.712,248,713,297,142,45,207,323
341,Virginia,20,17,3,0.85,21.29,6.14,6,2,10,1,5,1,1692,1389,825,581,1229,0.473,208,568,0.366,322,455,0.708,286,839,349,126,121,217,385
342,Virginia Commonwealth,21,15,6,0.714,13.05,2.48,6,2,10,2,3,2,1765,1543,840,578,1238,0.467,203,556,0.365,406,547,0.742,246,767,304,161,93,230,367
343,VMI,21,6,15,0.286,-18.92,-4.87,1,7,5,5,1,8,1538,1622,840,516,1282,0.402,228,694,0.329,278,392,0.709,237,733,261,158,59,221,368
344,Virginia Tech,22,16,6,0.727,13.46,6.59,5,4,12,1,2,3,1782,1631,910,610,1356,0.45,185,530,0.349,377,521,0.724,253,797,317,154,82,226,379
345,Wagner,18,6,12,0.333,-12.77,-7.04,1,6,4,3,2,9,1325,1336,735,486,1064,0.457,138,383,0.36,215,305,0.705,217,683,250,98,46,243,351
346,Wake Forest,21,11,10,0.524,12.49,9.06,2,6,8,4,1,4,1683,1611,850,583,1297,0.449,196,580,0.338,321,422,0.761,228,703,313,192,73,247,402
347,Washington,20,11,9,0.55,15.25,9.5,3,6,8,3,2,5,1580,1465,810,560,1248,0.449,133,423,0.314,327,424,0.771,247,766,278,121,85,212,345
348,Washington State,22,9,13,0.409,3.1,4.67,4,5,6,4,1,7,1685,1713,880,590,1256,0.47,202,561,0.36,303,415,0.73,226,763,284,127,65,292,393
349,Weber State,21,10,11,0.476,-2.21,-2.37,4,4,7,4,3,7,1736,1602,850,612,1302,0.47,160,442,0.362,352,497,0.708,254,811,306,160,39,249,404
350,West Georgia,20,10,10,0.5,-12.69,-3.97,4,4,7,3,3,7,1515,1614,810,550,1260,0.437,148,430,0.344,267,373,0.716,245,729,253,135,104,241,332
351,West Virginia,21,14,7,0.667,12.02,4.21,5,3,13,0,1,3,1504,1340,850,518,1153,0.449,179,499,0.359,289,421,0.686,215,744,281,132,57,233,320
352,Western Carolina,19,7,12,0.368,-9.41,-0.41,3,5,6,2,1,10,1476,1516,770,544,1229,0.443,158,488,0.324,230,333,0.691,271,758,256,126,58,241,372
353,Western Illinois,21,4,17,0.19,-20.86,-6.91,0,10,3,5,1,12,1383,1576,845,489,1205,0.406,109,366,0.298,296,439,0.674,248,720,168,117,45,252,345
354,Western Kentucky,20,11,9,0.55,0.19,0.8,4,5,8,3,2,4,1575,1513,805,515,1267,0.406,167,497,0.336,378,515,0.734,286,826,258,156,55,217,387
355,Western Michigan,21,8,13,0.381,-7.53,-1.64,2,7,7,4,1,9,1584,1663,840,564,1257,0.449,151,447,0.338,305,413,0.738,244,782,285,107,55,276,405
356,Wichita State,21,13,8,0.619,8.43,1.03,5,3,10,2,3,3,1634,1460,860,573,1290,0.444,165,456,0.362,323,464,0.696,316,864,249,118,84,218,363
357,William & Mary,20,14,6,0.7,2.61,-1.0,5,3,9,0,3,6,1672,1513,800,575,1207,0.476,182,541,0.336,340,458,0.742,190,726,382,177,78,258,340
358,Winthrop,23,15,8,0.652,0.99,-3.16,7,1,9,1,5,7,1950,1706,925,647,1451,0.446,223,644,0.346,433,596,0.727,329,948,346,163,72,244,429
359,Wisconsin,20,14,6,0.7,16.4,8.1,6,3,10,2,3,1,1672,1506,805,557,1232,0.452,215,628,0.342,343,443,0.774,215,746,322,116,64,196,361
360,Wofford,21,14,7,0.667,-5.9,-5.37,6,2,8,2,6,5,1657,1609,840,561,1251,0.448,195,550,0.355,340,474,0.717,247,743,298,132,72,210,357
361,Wright State,21,13,8,0.619,1.48,-2.41,8,2,8,3,4,4,1693,1517,845,609,1233,0.494,151,416,0.363,324,444,0.73,232,734,295,170,99,239,383
362,Wyoming,20,12,8,0.6,8.84,2.26,3,6,10,3,1,5,1592,1443,800,547,1177,0.465,155,471,0.329,343,464,0.739,246,750,285,140,51,240,432
363,Xavier,20,11,9,0.55,9.0,7.7,3,6,9,4,1,4,1570,1544,800,564,1290,0.437,197,537,0.367,245,349,0.702,208,708,381,141,87,194,358
364,Yale,18,15,3,0.833,8.7,-1.12,4,1,6,1,5,2,1525,1286,720,537,1068,0.503,157,379,0.414,294,379,0.776,197,647,303,95,56,169,294
365,Youngstown State,22,10,12,0.455,-4.49,-4.28,3,8,7,4,2,7,1747,1600,885,606,1325,0.457,230,663,0.347,305,419,0.728,271,788,317,169,83,283,404
