Name,ERA,IP,Age,FIP,xFIP,K_rate,BB_rate,K_9,BB_9,H_9,HR_9,last_name
Tarik Skubal,2.19,127.2,28,1.91,2.3,0.34,0.033,11.56,1.13,6.2,0.63,Skubal
Garrett Crochet,2.19,135.1,26,2.41,2.71,0.306,0.067,10.97,2.39,7.18,0.67,Crochet
Paul Skenes,1.91,127.0,23,2.4,3.09,0.278,0.063,9.71,2.2,6.02,0.43,Skenes
Zack Wheeler,2.39,128.0,35,2.68,2.56,0.33399999999999996,0.053,11.53,1.83,6.05,0.98,Wheeler
Cristopher Sanchez,2.4,124.0,28,2.69,2.75,0.267,0.064,9.73,2.32,7.48,0.58,Sanchez
Logan Webb,3.08,131.2,28,2.58,2.69,0.258,0.054000000000000006,9.57,1.98,8.89,0.62,Webb
Framber Valdez,2.67,128.0,31,2.99,3.04,0.249,0.081,9.07,2.95,7.17,0.56,Valdez
Kris Bubic,2.38,113.2,27,2.76,3.4,0.249,0.076,9.11,2.77,7.52,0.48,Bubic
Hunter Brown,2.57,119.0,26,2.99,2.9,0.312,0.078,10.89,2.72,6.2,0.91,Brown
Matthew Boyd,2.2,118.2,34,3.1,3.78,0.23199999999999998,0.052000000000000005,8.19,1.82,7.28,0.76,Boyd
Max Fried,2.62,127.1,31,3.06,3.45,0.225,0.057999999999999996,8.2,2.12,7.21,0.64,Fried
Nathan Eovaldi,1.58,91.0,35,2.37,2.73,0.27,0.04,9.3,1.38,6.23,0.49,Eovaldi
Joe Ryan,2.63,116.1,29,3.13,3.49,0.292,0.051,10.21,1.78,6.34,1.01,Ryan
Yoshinobu Yamamoto,2.55,109.1,26,3.08,3.07,0.284,0.085,10.21,3.05,6.42,0.82,Yamamoto
Jesus Luzardo,4.58,114.0,27,3.01,3.26,0.27699999999999997,0.08800000000000001,10.74,3.39,9.47,0.79,Luzardo
Jacob deGrom,2.28,118.1,37,3.25,3.19,0.26899999999999996,0.055,9.28,1.9,6.16,1.06,deGrom
Nick Pivetta,2.81,115.1,32,3.16,3.51,0.27899999999999997,0.066,9.91,2.34,6.63,1.01,Pivetta
Sonny Gray,4.33,116.1,35,3.02,2.89,0.267,0.04,9.9,1.47,9.28,1.08,Gray
MacKenzie Gore,3.59,112.2,26,3.2,3.29,0.297,0.081,11.18,3.04,8.39,1.04,Gore
Mitch Keller,3.53,125.0,29,3.42,4.05,0.187,0.057999999999999996,6.98,2.16,8.28,0.72,Keller
Jose Soriano,3.83,120.0,26,3.42,3.53,0.2,0.111,7.73,4.28,8.63,0.38,Soriano
Chris Sale,2.52,89.1,36,2.67,3.13,0.308,0.07,11.49,2.62,7.86,0.71,Sale
Andrew Abbott,2.13,97.1,26,3.42,4.11,0.223,0.063,8.14,2.31,7.49,0.92,Abbott
Ranger Suarez,2.66,88.0,29,3.07,3.61,0.22899999999999998,0.073,8.39,2.66,7.67,0.61,Suarez
Freddy Peralta,2.85,116.2,29,3.66,4.01,0.255,0.084,9.41,3.09,6.63,1.0,Peralta
Spencer Schwellenbach,3.09,110.2,25,3.21,2.92,0.249,0.040999999999999995,8.78,1.46,7.24,1.06,Schwellenbach
David Peterson,2.9,115.0,29,3.35,3.58,0.203,0.08,7.59,2.97,7.98,0.55,Peterson
Merrill Kelly,3.32,122.0,36,3.48,3.57,0.242,0.076,8.7,2.73,6.79,0.96,Kelly
Bryan Woo,2.91,120.2,25,3.53,3.56,0.243,0.046,8.58,1.64,6.86,1.19,Woo
Dylan Cease,4.59,113.2,29,3.58,3.37,0.29600000000000004,0.086,11.4,3.33,8.39,1.27,Cease
Carlos Rodon,3.1,124.2,32,3.63,3.69,0.275,0.091,10.03,3.32,6.14,1.08,Rodon
Nick Lodolo,3.08,122.2,27,3.79,3.8,0.22399999999999998,0.046,8.22,1.69,7.63,1.17,Lodolo
Luis Castillo,3.3,120.0,32,3.61,4.06,0.213,0.07200000000000001,8.03,2.7,8.48,0.9,Castillo
Michael Wacha,3.62,112.0,33,3.84,4.44,0.18100000000000002,0.07200000000000001,6.83,2.73,8.44,0.88,Wacha
Chad Patrick,3.52,94.2,26,3.54,4.05,0.23800000000000002,0.075,9.03,2.85,8.84,0.95,Patrick
Chris Bassitt,3.88,120.2,36,3.85,3.59,0.226,0.055999999999999994,8.73,2.16,9.55,1.19,Bassitt
Yusei Kikuchi,3.23,122.2,34,4.06,4.04,0.24100000000000002,0.102,9.32,3.96,8.66,1.17,Kikuchi
Dean Kremer,4.06,115.1,29,3.85,4.19,0.196,0.063,7.34,2.34,8.9,1.09,Kremer
Drew Rasmussen,2.93,95.1,29,3.59,3.47,0.221,0.062,7.74,2.17,7.08,0.94,Rasmussen
Kevin Gausman,4.01,116.2,34,3.85,4.04,0.23399999999999999,0.075,8.64,2.78,7.48,1.16,Gausman
Matthew Liberatore,4.13,100.1,25,3.51,4.01,0.19,0.052000000000000005,7.18,1.97,9.24,0.9,Liberatore
Adrian Houser,1.89,62.0,32,3.01,3.92,0.177,0.077,6.39,2.76,8.27,0.29,Houser
Randy Rodriguez,0.84,42.2,25,1.41,2.5,0.35,0.05,11.81,1.69,5.48,0.21,Rodriguez
Logan Gilbert,3.07,67.1,28,2.68,2.27,0.363,0.055999999999999994,13.1,2.0,6.82,1.2,Gilbert
Robert Suarez,3.46,41.2,34,2.23,3.46,0.267,0.073,9.5,2.59,6.7,0.22,Suarez
Adrian Morejon,1.76,46.0,26,2.01,2.79,0.254,0.051,8.8,1.76,5.28,0.2,Morejon
Nick Martinez,4.73,116.0,34,4.18,4.45,0.16899999999999998,0.055999999999999994,6.28,2.09,8.92,1.16,Martinez
Kodai Senga,1.79,80.2,32,3.32,4.01,0.242,0.11,8.81,4.02,6.58,0.56,Senga
Tyler Mahle,2.34,77.0,30,3.37,4.37,0.182,0.08800000000000001,6.55,3.16,7.01,0.47,Mahle
Janson Junk,3.09,55.1,29,2.3,3.76,0.177,0.023,6.34,0.81,8.46,0.16,Junk
Luis Severino,4.95,125.1,31,4.22,4.56,0.16699999999999998,0.073,6.61,2.87,9.26,0.93,Severino
Aroldis Chapman,1.34,40.1,37,1.83,2.19,0.395,0.066,13.39,2.23,4.69,0.67,Chapman
Kyle Freeland,5.19,95.1,32,3.84,4.08,0.165,0.059000000000000004,6.61,2.36,11.42,0.94,Freeland
Will Warren,4.91,99.0,26,3.66,3.54,0.267,0.107,10.64,4.27,8.73,1.0,Warren
Pablo Lopez,2.82,60.2,29,2.99,3.57,0.247,0.057,9.05,2.08,7.57,0.74,Lopez
Cole Ragans,5.18,48.2,27,2.41,2.49,0.364,0.077,14.05,2.96,8.69,0.92,Ragans
Robbie Ray,2.92,123.1,33,3.77,3.94,0.262,0.098,9.56,3.58,6.57,1.09,Ray
Casey Mize,3.4,92.2,28,3.78,3.98,0.209,0.059000000000000004,7.96,2.23,9.32,1.17,Mize
Taj Bradley,4.61,111.1,24,4.2,4.25,0.20199999999999999,0.09300000000000001,7.68,3.56,8.0,1.05,Bradley
Tylor Megill,3.95,68.1,29,3.39,3.64,0.292,0.10800000000000001,11.72,4.35,7.9,0.79,Megill
Hunter Greene,2.72,59.2,25,3.41,3.37,0.308,0.059000000000000004,11.01,2.11,6.64,1.36,Greene
Edward Cabrera,3.48,88.0,27,3.56,3.64,0.249,0.081,9.41,3.07,8.08,0.92,Cabrera
Hoby Milner,2.23,48.1,34,2.18,3.45,0.221,0.07200000000000001,8.01,2.61,7.26,0.0,Milner
Landen Roupp,3.11,101.1,26,3.58,4.01,0.213,0.094,8.44,3.73,9.15,0.71,Roupp
Brady Singer,4.84,102.1,28,4.21,4.47,0.209,0.095,8.18,3.69,8.79,1.06,Singer
Patrick Corbin,3.78,104.2,35,4.03,3.99,0.2,0.067,7.48,2.49,8.94,1.2,Corbin
Michael King,2.59,55.2,30,3.22,3.61,0.284,0.076,10.35,2.75,6.47,0.97,King
Bryan Abreu,1.79,45.1,28,2.34,2.6,0.382,0.10800000000000001,14.1,3.97,5.56,0.6,Abreu
Cade Smith,3.12,43.1,26,2.05,2.9,0.344,0.091,13.29,3.53,7.48,0.42,Smith
Griffin Jax,4.09,44.0,30,2.07,1.74,0.364,0.064,13.91,2.45,8.59,0.82,Jax
Eric Lauer,2.61,69.0,30,3.32,3.85,0.264,0.059000000000000004,9.26,2.09,6.26,1.04,Lauer
Ryan Pepiot,3.59,120.1,27,4.47,3.89,0.242,0.078,8.83,2.84,7.55,1.57,Pepiot
Jose Berrios,3.87,121.0,31,4.29,4.31,0.204,0.084,7.59,3.12,8.18,1.19,Berrios
Edwin Diaz,1.55,40.2,31,2.21,2.45,0.386,0.08900000000000001,13.5,3.1,4.65,0.44,Diaz
Emmanuel Clase,2.74,46.0,27,2.25,3.36,0.24100000000000002,0.051,9.2,1.96,8.8,0.2,Clase
Reese Olson,3.15,68.2,25,3.46,3.88,0.228,0.08800000000000001,8.52,3.28,7.6,0.66,Olson
Jacob Dreyer,2.98,51.1,26,2.57,4.06,0.24,0.096,8.77,3.51,6.49,0.18,Dreyer
Quinn Priester,3.28,101.2,24,3.84,3.64,0.205,0.081,7.61,3.01,7.79,0.97,Priester
Seth Lugo,2.95,113.0,35,4.28,4.08,0.22,0.073,7.88,2.63,7.17,1.35,Lugo
Jhoan Duran,1.94,46.1,27,2.4,2.8,0.264,0.083,9.91,3.11,7.19,0.19,Duran
Will Vest,2.23,44.1,30,2.44,2.89,0.284,0.085,10.15,3.05,5.89,0.41,Vest
Noah Cameron,2.61,76.0,25,3.79,3.84,0.217,0.073,7.7,2.61,6.51,1.07,Cameron
Clarke Schmidt,3.32,78.2,29,3.91,4.33,0.231,0.095,8.35,3.43,6.41,1.03,Schmidt
Andres Munoz,1.38,39.0,26,2.35,2.97,0.325,0.115,11.77,4.15,4.38,0.23,Munoz
Eury Perez,3.23,39.0,22,2.79,4.03,0.26,0.084,9.23,3.0,5.77,0.46,Perez
Chris Paddack,4.95,111.0,29,4.4,4.57,0.17600000000000002,0.057,6.73,2.19,9.32,1.38,Paddack
Trevor Williams,6.21,82.2,33,4.08,4.45,0.174,0.055999999999999994,7.08,2.29,11.54,1.2,Williams
Clay Holmes,3.48,108.2,32,4.21,4.07,0.18899999999999997,0.094,7.12,3.56,7.87,0.91,Holmes
Logan Allen,4.16,101.2,26,4.33,4.54,0.179,0.09,6.9,3.45,8.85,1.06,Allen
Garrett Whitlock,3.17,48.1,29,2.53,3.26,0.307,0.095,11.36,3.54,6.52,0.37,Whitlock
Steven Matz,3.29,52.0,34,2.9,3.42,0.21600000000000003,0.042,7.96,1.56,8.65,0.69,Matz
Brendon Little,1.94,46.1,28,2.34,2.89,0.354,0.149,13.4,5.63,5.63,0.19,Little
Bennett Sousa,2.59,41.2,30,2.2,3.08,0.29600000000000004,0.068,10.37,2.38,6.7,0.43,Sousa
Dennis Santana,1.49,42.1,29,2.29,3.6,0.214,0.044000000000000004,7.23,1.49,5.74,0.21,Santana
Trevor Rogers,1.74,41.1,27,2.97,3.71,0.21899999999999997,0.075,7.62,2.61,5.23,0.44,Rogers
Shane Smith,4.26,86.2,25,4.2,4.42,0.215,0.098,8.41,3.84,7.89,0.93,Smith
Mike Soroka,4.85,78.0,27,4.05,4.07,0.253,0.073,9.58,2.77,7.38,1.15,Soroka
German Marquez,5.67,98.1,30,4.55,4.8,0.161,0.077,6.68,3.2,11.53,1.19,Marquez
David Bednar,2.31,35.0,30,2.04,2.66,0.33799999999999997,0.07,12.34,2.57,7.46,0.51,Bednar
Shane Baz,4.66,114.0,26,4.58,3.94,0.231,0.08800000000000001,8.76,3.32,8.37,1.5,Baz
Ben Casparius,5.06,64.0,26,3.44,4.04,0.22,0.059000000000000004,8.44,2.25,9.28,0.98,Casparius
Tanner Bibee,4.27,116.0,26,4.44,4.13,0.205,0.068,7.68,2.56,8.38,1.4,Bibee
Ryan Gusto,4.46,76.2,26,4.05,4.34,0.228,0.077,9.04,3.05,9.74,1.29,Gusto
Mitchell Parker,5.0,108.0,25,4.58,5.1,0.14800000000000002,0.087,5.83,3.42,9.17,1.08,Parker
Jack Flaherty,4.77,103.2,29,4.3,3.64,0.297,0.098,11.29,3.73,7.9,1.65,Flaherty
Pete Fairbanks,2.84,38.0,31,2.94,4.08,0.203,0.095,7.58,3.55,6.63,0.24,Fairbanks
Louie Varland,2.11,47.0,27,2.86,2.92,0.24600000000000002,0.064,8.81,2.3,7.47,0.57,Varland
Jeremiah Estrada,2.74,46.0,26,3.01,3.25,0.33299999999999996,0.085,12.33,3.13,6.65,0.98,Estrada
Cal Quantrill,5.24,87.2,30,4.23,4.32,0.18899999999999997,0.065,7.19,2.46,9.86,1.23,Quantrill
Trevor Megill,2.27,35.2,31,2.67,3.32,0.297,0.10300000000000001,10.85,3.79,6.06,0.5,Megill
Bradley Lord,3.39,69.0,25,3.51,3.76,0.19899999999999998,0.08,7.43,3.0,8.35,0.65,Lord
Sean Newcomb,3.49,67.0,32,3.39,3.87,0.221,0.084,8.87,3.36,10.34,0.67,Newcomb
Danny Coulombe,0.93,29.0,35,1.85,3.29,0.263,0.07,9.31,2.48,6.21,0.0,Coulombe
Steven Okert,2.53,46.1,33,2.77,3.71,0.306,0.064,10.29,2.14,4.66,0.78,Okert
Jeffrey Springs,4.18,114.0,32,4.71,4.67,0.188,0.079,7.11,3.0,7.97,1.5,Springs
Shota Imanaga,2.4,75.0,31,4.31,4.82,0.182,0.057999999999999996,6.36,2.04,6.24,1.32,Imanaga
Griffin Canning,3.77,76.1,29,4.0,4.0,0.213,0.107,8.25,4.13,8.25,0.94,Canning
Lucas Giolito,3.97,81.2,30,4.28,4.05,0.213,0.071,7.93,2.64,8.71,1.43,Giolito
Josh Hader,2.31,46.2,31,3.37,2.96,0.37200000000000005,0.071,13.11,2.51,5.21,1.54,Hader
Kyle Hendricks,4.92,100.2,35,4.82,4.83,0.156,0.057999999999999996,5.99,2.24,9.39,1.52,Hendricks
Spencer Strider,3.72,72.2,26,3.88,3.52,0.29600000000000004,0.1,11.02,3.72,6.94,1.24,Strider
Hunter Dobbins,4.13,61.0,25,3.83,4.02,0.17600000000000002,0.066,6.64,2.51,9.0,0.89,Dobbins
Luis L. Ortiz,4.36,88.2,26,4.14,3.74,0.251,0.11,9.74,4.26,8.12,1.22,Ortiz
Tyler Alexander,4.52,63.2,30,3.27,4.13,0.193,0.07400000000000001,7.35,2.83,9.05,0.57,Alexander
George Kirby,4.65,60.0,27,3.66,3.34,0.24,0.053,8.85,1.95,8.25,1.2,Kirby
Bryan King,2.55,42.1,28,2.74,3.19,0.26,0.046,9.57,1.7,8.08,0.64,King
Jake Bird,3.96,52.1,29,3.13,3.31,0.26899999999999996,0.09300000000000001,10.49,3.61,8.94,0.69,Bird
Gabe Speier,2.56,38.2,30,2.6,2.76,0.335,0.057999999999999996,12.1,2.09,6.75,0.93,Speier
Phil Maton,2.41,37.1,32,2.53,3.22,0.303,0.09699999999999999,11.33,3.62,6.75,0.24,Maton
Nick Mears,2.54,39.0,28,2.73,3.42,0.233,0.034,7.85,1.15,6.46,0.69,Mears
Matt Strahm,3.05,41.1,33,3.04,3.91,0.282,0.076,10.45,2.83,7.19,0.87,Strahm
Mason Miller,3.86,37.1,26,2.91,2.95,0.392,0.122,13.98,4.34,5.06,0.96,Miller
Zack Littell,3.53,122.1,29,4.83,4.16,0.17,0.035,6.11,1.25,8.53,1.77,Littell
Jason Adam,2.01,49.1,33,3.19,3.94,0.251,0.10400000000000001,9.67,4.01,7.84,0.55,Adam
Brayan Bello,3.23,97.2,26,4.36,4.21,0.179,0.085,6.82,3.23,8.2,1.01,Bello
Jack Leiter,4.27,86.1,25,4.55,4.8,0.204,0.113,7.92,4.38,7.82,1.15,Leiter
Michael Lorenzen,4.61,99.2,33,4.54,4.32,0.2,0.068,7.68,2.62,9.12,1.54,Lorenzen
Tyler Rogers,1.51,47.2,34,2.69,2.78,0.19899999999999998,0.023,6.61,0.76,6.42,0.57,Rogers
Jose Alvarado,2.7,20.0,30,1.84,2.46,0.298,0.048,11.25,1.8,9.0,0.45,Alvarado
Clayton Kershaw,3.27,55.0,37,4.15,4.27,0.162,0.07,6.05,2.62,8.67,0.98,Kershaw
Ben Brown,6.48,83.1,25,4.27,3.68,0.251,0.071,10.26,2.92,10.91,1.62,Brown
Stephen Kolek,4.28,73.2,28,4.08,4.22,0.17300000000000001,0.07400000000000001,6.6,2.81,9.04,0.86,Kolek
Devin Williams,4.7,38.1,30,2.6,3.28,0.319,0.094,11.97,3.52,6.57,0.47,Williams
Eduardo Rodriguez,5.5,86.2,32,4.49,4.08,0.231,0.079,9.66,3.32,11.53,1.66,Rodriguez
Caleb Thielbar,2.15,37.2,38,2.75,3.8,0.252,0.077,8.6,2.63,5.26,0.48,Thielbar
Abner Uribe,2.19,49.1,25,3.17,3.03,0.3,0.1,10.95,3.65,6.57,0.73,Uribe
Justin Wilson,2.32,31.0,37,2.71,3.54,0.26899999999999996,0.10800000000000001,10.16,4.06,8.13,0.29,Wilson
Reed Garrett,2.9,40.1,32,3.12,3.77,0.257,0.12300000000000001,9.82,4.69,6.92,0.45,Garrett
Fernando Cruz,3.0,33.0,35,2.46,2.49,0.41200000000000003,0.107,14.73,3.82,5.18,0.82,Cruz
Davis Martin,3.89,85.2,28,4.55,4.37,0.158,0.065,5.88,2.42,8.72,1.26,Martin
Jose A. Ferrer,4.97,50.2,25,3.19,3.33,0.193,0.052000000000000005,7.28,1.95,9.24,0.53,Ferrer
Cade Povich,5.15,64.2,25,4.11,3.95,0.239,0.081,9.46,3.2,10.3,1.39,Povich
Jake Latz,2.89,53.0,29,3.45,4.07,0.235,0.106,8.66,3.91,7.3,0.68,Latz
Brandon Walter,3.35,53.2,28,3.97,3.05,0.245,0.019,8.72,0.67,7.71,1.68,Walter
Daniel Palencia,1.49,36.1,25,2.6,3.32,0.28800000000000003,0.079,9.91,2.72,5.45,0.5,Palencia
Grant Taylor,3.93,18.1,23,1.57,2.46,0.315,0.08199999999999999,11.29,2.95,7.36,0.0,Taylor
Brandon Pfaadt,4.76,111.2,26,4.31,3.97,0.198,0.052000000000000005,7.66,2.01,9.35,1.37,Pfaadt
JP Sears,4.98,106.2,29,4.94,4.68,0.201,0.057999999999999996,7.68,2.19,9.03,1.86,Sears
Ryne Nelson,3.52,84.1,27,3.88,4.1,0.204,0.077,7.36,2.77,6.72,0.96,Nelson
Gavin Williams,3.54,104.1,25,4.53,4.26,0.237,0.13,9.14,5.0,7.42,1.21,Williams
Dustin May,4.73,99.0,27,4.72,4.36,0.214,0.1,8.36,3.91,8.36,1.36,May
Orion Kerkering,2.79,38.2,24,3.53,4.52,0.222,0.10800000000000001,9.08,4.42,8.38,0.47,Kerkering
Graham Ashcraft,3.64,42.0,27,3.0,3.34,0.231,0.099,9.0,3.86,9.0,0.43,Ashcraft
Andre Pallante,4.91,110.0,26,4.45,3.8,0.152,0.076,5.89,2.95,9.41,1.15,Pallante
Sandy Alcantara,6.66,104.0,29,4.48,4.41,0.16699999999999998,0.085,6.66,3.38,9.52,1.13,Alcantara
Lucas Erceg,2.43,40.2,30,3.31,3.81,0.21,0.086,7.52,3.1,6.86,0.44,Erceg
Grant Holmes,3.81,111.0,29,4.35,3.9,0.257,0.11,9.81,4.22,7.62,1.3,Holmes
Mark Leiter Jr.,4.46,34.1,34,2.77,2.94,0.29100000000000004,0.076,12.06,3.15,11.01,0.79,Jr.
Jonathan Cannon,4.48,88.1,24,4.75,4.66,0.185,0.077,7.34,3.06,9.58,1.43,Cannon
Corbin Burnes,2.66,64.1,30,3.9,3.65,0.23800000000000002,0.098,8.81,3.64,6.85,0.98,Burnes
Braydon Fisher,2.86,28.1,24,2.53,3.24,0.31,0.069,11.44,2.54,6.67,0.64,Fisher
Reid Detmers,4.17,45.1,25,3.2,3.17,0.285,0.098,10.92,3.77,8.74,0.79,Detmers
Alex Vesia,2.59,41.2,29,3.62,3.26,0.35200000000000004,0.07400000000000001,12.31,2.59,5.83,1.51,Vesia
Tanner Banks,3.43,44.2,33,3.25,2.97,0.263,0.04,9.27,1.41,7.25,1.21,Banks
Michael McGreevy,3.49,28.1,24,3.23,4.05,0.152,0.027000000000000003,5.4,0.95,8.26,0.64,McGreevy
Tyler Anderson,4.43,107.2,35,4.98,5.14,0.18100000000000002,0.09300000000000001,7.19,3.68,9.03,1.5,Anderson
Manuel Rodriguez,2.08,30.1,28,2.99,3.12,0.207,0.05,7.42,1.78,7.71,0.59,Rodriguez
Chris Martin,2.36,34.1,39,3.03,3.08,0.257,0.043,9.44,1.57,8.65,1.05,Martin
Robert Garcia,2.72,39.2,29,3.12,3.56,0.261,0.09699999999999999,9.76,3.63,7.71,0.68,Garcia
Jose Quintana,3.49,77.1,36,4.52,4.72,0.163,0.095,6.17,3.61,8.15,1.05,Quintana
Bailey Falter,3.82,108.1,28,4.74,4.81,0.158,0.08,5.73,2.91,7.73,1.33,Falter
Simeon Woods Richardson,4.14,76.0,24,4.67,5.03,0.196,0.10099999999999999,7.58,3.91,8.41,1.3,Richardson
Jacob Misiorowski,2.45,29.1,23,3.37,2.81,0.35700000000000004,0.107,12.27,3.68,4.6,1.23,Misiorowski
Colton Gordon,4.53,57.2,26,4.53,4.04,0.18899999999999997,0.043,7.49,1.72,11.24,1.72,Gordon
Logan Henderson,1.71,21.0,23,3.05,2.96,0.358,0.07400000000000001,12.43,2.57,6.0,1.29,Henderson
Shelby Miller,1.98,36.1,34,3.12,3.65,0.28,0.077,9.91,2.72,5.94,0.74,Miller
JoJo Romero,2.18,33.0,28,2.88,3.75,0.248,0.109,9.27,4.09,6.82,0.27,Romero
Shawn Armstrong,2.98,45.1,34,3.4,4.1,0.26,0.085,9.13,2.98,5.16,0.79,Armstrong
Brenan Hanifee,3.23,47.1,27,3.05,3.82,0.155,0.053,6.08,2.09,9.89,0.38,Hanifee
Ronel Blanco,4.1,48.1,31,4.23,4.29,0.24100000000000002,0.10099999999999999,8.94,3.72,6.89,1.3,Blanco
Brock Stewart,2.51,32.1,33,3.12,3.76,0.299,0.08199999999999999,11.13,3.06,6.96,0.84,Stewart
Caleb Ferguson,3.92,41.1,28,3.19,4.21,0.19399999999999998,0.08199999999999999,7.19,3.05,7.19,0.22,Ferguson
Carmen Mlodzinski,4.62,62.1,26,4.14,4.09,0.175,0.062,6.93,2.45,10.83,1.16,Mlodzinski
Felix Bautista,2.6,34.2,30,3.32,3.27,0.35200000000000004,0.162,12.98,5.97,4.15,0.78,Bautista
Tyler Glasnow,2.75,36.0,31,3.76,3.28,0.317,0.11,11.5,4.0,5.25,1.25,Glasnow
Justin Topa,4.08,39.2,34,2.66,3.58,0.188,0.057,7.49,2.27,10.21,0.23,Topa
Justin Verlander,4.7,84.1,42,4.33,4.89,0.18600000000000003,0.08800000000000001,7.47,3.52,9.92,1.07,Verlander
Jordan Hicks,6.17,54.0,28,3.63,4.04,0.193,0.098,7.83,4.0,10.0,0.5,Hicks
Zebby Matthews,6.26,23.0,25,3.27,3.19,0.298,0.087,12.13,3.52,10.96,1.17,Matthews
Lake Bachar,3.15,45.2,30,3.42,4.17,0.258,0.113,9.46,4.14,6.11,0.59,Bachar
Miles Mikolas,5.2,97.0,36,4.72,4.66,0.166,0.055,6.4,2.13,9.56,1.58,Mikolas
Carlos Estevez,2.74,42.2,32,3.94,5.06,0.196,0.084,7.38,3.16,7.17,0.84,Estevez
Justin Wrobleski,4.5,40.0,24,3.47,3.11,0.24100000000000002,0.06,9.0,2.25,8.55,1.13,Wrobleski
Brad Keller,3.07,44.0,29,3.27,3.47,0.24,0.077,9.0,2.86,7.57,0.61,Keller
Brennan Bernardino,3.21,42.0,33,3.38,4.45,0.192,0.11,7.5,4.29,6.64,0.21,Bernardino
Taijuan Walker,3.75,62.1,32,4.57,4.37,0.19399999999999998,0.092,7.65,3.61,8.81,1.3,Walker
AJ Smith-Shawver,3.86,44.1,22,3.86,4.27,0.21899999999999997,0.109,8.53,4.26,8.53,0.81,Smith-Shawver
Cade Horton,4.04,62.1,23,4.3,4.46,0.17600000000000002,0.079,6.79,3.03,9.24,1.01,Horton
Enyel De Los Santos,4.17,41.0,29,3.17,4.1,0.214,0.087,8.12,3.29,7.46,0.44,Santos
Cole Sands,4.29,42.0,27,3.59,4.13,0.182,0.057,6.86,2.14,9.0,0.86,Sands
Jacob Lopez,4.6,60.2,27,4.56,4.24,0.28,0.09,11.13,3.56,8.46,1.63,Lopez
Max Meyer,4.73,64.2,26,4.42,3.42,0.239,0.07,9.46,2.78,10.02,1.67,Meyer
Brandon Woodruff,1.65,16.1,32,2.85,1.92,0.39,0.0,12.67,0.0,4.96,1.65,Woodruff
Emilio Pagan,2.83,41.1,34,3.92,3.77,0.309,0.085,11.1,3.05,5.44,1.52,Pagan
Jose Butto,2.84,44.1,27,3.34,4.1,0.212,0.109,7.92,4.06,7.71,0.41,Butto
Kyle Leahy,2.95,55.0,28,3.38,3.93,0.214,0.085,7.85,3.11,7.53,0.65,Leahy
Seranthony Dominguez,3.32,40.2,30,3.54,3.61,0.31,0.14,11.73,5.31,6.86,0.89,Dominguez
Matt Brash,1.08,25.0,27,2.89,3.39,0.265,0.098,9.72,3.6,5.76,0.36,Brash
Tony Santillan,2.96,45.2,28,3.86,4.23,0.222,0.085,8.28,3.15,6.9,0.99,Santillan
Justin Slaten,3.47,23.1,27,3.18,4.54,0.17800000000000002,0.078,6.17,2.7,5.4,0.39,Slaten
Emmet Sheehan,4.41,16.1,25,2.85,3.97,0.23199999999999998,0.07200000000000001,8.82,2.76,9.37,0.55,Sheehan
Kyle Finnegan,4.62,37.0,33,3.74,4.34,0.192,0.09,7.3,3.41,8.51,0.73,Finnegan
Ryan Brasier,0.98,18.1,37,1.95,3.0,0.22399999999999998,0.045,7.36,1.47,6.38,0.0,Brasier
Mason Englert,3.9,27.2,25,2.59,3.32,0.252,0.043,9.43,1.63,9.11,0.65,Englert
Gregory Soto,3.96,36.1,30,3.29,3.8,0.275,0.113,10.9,4.46,7.18,0.5,Soto
Sean Burke,4.19,101.0,25,5.01,5.04,0.191,0.106,7.57,4.19,8.55,1.43,Burke
Ryan Helsley,3.09,35.0,30,3.64,3.56,0.255,0.092,10.03,3.6,9.0,1.03,Helsley
Scott Barlow,3.63,44.2,32,3.85,4.32,0.255,0.141,9.87,5.44,5.64,0.6,Barlow
Steven Wilson,2.53,32.0,30,3.91,5.19,0.21100000000000002,0.12,8.44,4.78,7.59,0.56,Wilson
Tanner Gordon,3.13,23.0,27,3.88,4.43,0.13699999999999998,0.063,5.09,2.35,9.39,0.78,Gordon
Ryan Walker,4.35,41.1,29,3.19,3.51,0.235,0.059000000000000004,8.71,2.18,7.4,0.65,Walker
Bryce Miller,5.73,48.2,26,4.43,4.96,0.18100000000000002,0.106,7.21,4.25,9.62,0.92,Miller
Joe Boyle,1.42,19.0,25,2.99,4.11,0.257,0.086,8.53,2.84,2.84,0.47,Boyle
Aaron Ashby,1.8,25.0,27,2.61,2.63,0.284,0.078,10.44,2.88,7.92,0.36,Ashby
Dylan Lee,2.62,44.2,30,3.68,3.24,0.285,0.064,9.87,2.22,6.25,1.41,Lee
Pierce Johnson,2.7,36.2,34,3.28,3.61,0.273,0.07,9.57,2.45,7.36,0.98,Johnson
Eric Orze,2.72,39.2,27,3.77,4.23,0.23199999999999998,0.091,8.62,3.4,7.49,0.91,Orze
Valente Bellozo,3.52,53.2,25,4.23,5.16,0.166,0.07200000000000001,6.2,2.68,8.39,1.01,Bellozo
Tanner Scott,4.14,45.2,30,4.03,3.26,0.272,0.06,9.85,2.17,8.28,1.58,Scott
Aaron Bummer,4.32,41.2,31,3.4,3.33,0.23600000000000002,0.077,9.29,3.02,8.86,0.65,Bummer
Shohei Ohtani,1.5,12.0,30,2.76,3.29,0.27699999999999997,0.064,9.75,2.25,6.75,0.75,Ohtani
Joey Lucchesi,1.93,14.0,32,1.09,1.94,0.309,0.036000000000000004,10.93,1.29,7.07,0.0,Lucchesi
Jimmy Herget,2.89,53.0,31,3.94,4.66,0.188,0.079,7.3,3.06,9.0,0.85,Herget
Ryan Feltner,4.75,30.1,28,4.35,4.4,0.185,0.08900000000000001,7.42,3.56,9.79,1.19,Feltner
Chase Burns,6.65,21.2,22,3.79,2.9,0.35,0.11,14.54,4.57,9.97,1.66,Burns
Jameson Taillon,4.44,95.1,33,5.17,4.27,0.191,0.052000000000000005,6.99,1.89,8.12,2.08,Taillon
Ronny Henriquez,3.0,48.0,25,3.95,3.49,0.324,0.098,12.38,3.75,7.13,1.5,Henriquez
Charlie Morton,5.48,95.1,41,4.76,4.28,0.22699999999999998,0.10300000000000001,9.35,4.25,9.63,1.42,Morton
Jorge Lopez,6.57,24.2,32,3.46,4.38,0.16,0.066,6.2,2.55,9.12,0.36,Lopez
Slade Cecconi,3.76,69.1,26,4.56,4.08,0.209,0.07,7.79,2.6,8.44,1.56,Cecconi
Camilo Doval,2.89,43.2,27,3.48,3.98,0.23600000000000002,0.135,8.66,4.95,5.98,0.41,Doval
Wandy Peralta,3.47,46.2,33,3.61,3.79,0.20600000000000002,0.113,8.1,4.44,8.1,0.58,Peralta
Bailey Ober,5.28,92.0,29,5.3,4.88,0.182,0.054000000000000006,7.24,2.15,10.57,2.05,Ober
Kumar Rocker,5.66,55.2,25,4.66,4.05,0.195,0.073,7.76,2.91,9.7,1.46,Rocker
Max Kranick,3.65,37.0,27,3.9,4.24,0.16899999999999998,0.034,6.08,1.22,8.27,1.22,Kranick
Angel Zerpa,3.7,41.1,25,3.63,3.27,0.225,0.081,8.49,3.05,8.49,0.87,Zerpa
Jared Koenig,3.86,42.0,31,3.74,3.93,0.225,0.073,8.57,2.79,9.0,1.07,Koenig
Gordon Graceffo,5.11,24.2,25,2.69,3.79,0.214,0.049,8.03,1.82,7.66,0.36,Graceffo
David Festa,5.4,53.1,25,4.84,4.38,0.231,0.083,8.94,3.21,8.27,1.69,Festa
Shawn Dubin,1.33,20.1,29,3.78,4.12,0.222,0.086,7.97,3.1,7.08,0.89,Dubin
Yariel Rodriguez,2.29,51.0,28,3.92,3.91,0.25,0.083,8.47,2.82,5.12,1.06,Rodriguez
Drew Pomeranz,2.3,27.1,36,3.64,4.44,0.25,0.08900000000000001,9.22,3.29,6.26,0.66,Pomeranz
Taylor Rogers,2.56,31.2,34,3.98,4.3,0.243,0.129,9.66,5.12,7.96,0.85,Rogers
Grant Anderson,2.74,49.1,28,3.62,3.78,0.251,0.099,9.3,3.65,6.2,0.91,Anderson
Brant Hurter,2.98,48.1,26,3.88,4.1,0.242,0.107,9.68,4.28,8.19,0.74,Hurter
Ben Lively,3.22,44.2,33,4.55,5.14,0.163,0.084,5.84,3.02,7.66,1.21,Lively
Ryne Stanek,4.15,34.2,33,3.58,4.57,0.242,0.115,9.87,4.67,9.09,0.78,Stanek
Sam Bachman,4.5,14.0,25,2.52,3.69,0.217,0.083,8.36,3.21,7.71,0.0,Bachman
Brandon Eisert,4.81,43.0,27,4.19,3.8,0.243,0.057999999999999996,9.63,2.3,9.84,1.47,Eisert
Matt Festa,5.02,28.2,32,3.23,4.39,0.17800000000000002,0.076,6.59,2.83,7.53,0.31,Festa
Ryan Bergert,2.84,31.2,25,4.26,4.6,0.231,0.10800000000000001,8.53,3.98,6.25,1.14,Bergert
Martin Perez,3.15,20.0,34,3.74,4.96,0.217,0.133,8.1,4.95,6.3,0.45,Perez
Hunter Gaddis,3.51,41.0,27,3.68,3.69,0.264,0.092,10.1,3.51,8.34,1.1,Gaddis
Yennier Cano,4.54,35.2,31,3.57,3.2,0.243,0.079,9.34,3.03,9.34,1.01,Cano
Juan Mejia,4.63,35.0,24,3.92,4.01,0.228,0.087,8.74,3.34,8.49,1.03,Mejia
Mike Burrows,4.7,46.0,25,4.7,4.09,0.23600000000000002,0.094,9.39,3.72,9.0,1.57,Burrows
A.J. Minter,1.64,11.0,31,1.91,3.13,0.318,0.114,11.45,4.09,4.91,0.0,Minter
Garrett Cleavinger,2.48,36.1,31,3.86,3.11,0.33299999999999996,0.068,12.14,2.48,6.19,1.49,Cleavinger
Colin Rea,4.06,102.0,34,4.97,4.49,0.171,0.063,6.44,2.38,9.09,1.68,Rea
Jake Irvin,4.81,119.2,28,5.21,4.71,0.16399999999999998,0.08,6.32,3.08,8.87,1.65,Irvin
Jeff Hoffman,4.78,43.1,32,4.15,2.67,0.34299999999999997,0.063,12.46,2.28,7.27,2.08,Hoffman
Daysbel Hernandez,2.1,30.0,28,3.69,5.03,0.24,0.192,9.0,7.2,4.5,0.0,Hernandez
Tyler Gilbert,3.07,29.1,31,4.01,4.51,0.25,0.125,9.2,4.6,5.83,0.92,Gilbert
Chase Lee,3.31,35.1,26,3.49,3.62,0.25,0.059000000000000004,8.66,2.04,6.88,1.02,Lee
Kenley Jansen,3.28,35.2,37,4.24,4.44,0.235,0.07400000000000001,8.83,2.78,7.57,1.51,Jansen
Ryan Yarbrough,3.9,55.1,33,4.7,4.21,0.217,0.075,7.97,2.77,7.81,1.63,Yarbrough
Bryan Baker,4.04,42.1,30,4.04,2.86,0.325,0.065,11.69,2.34,7.87,1.91,Baker
Jordan Leasure,4.14,37.0,26,4.69,4.15,0.263,0.132,10.7,5.35,8.76,1.46,Leasure
Frankie Montas,4.62,25.1,32,4.55,3.81,0.215,0.055999999999999994,8.17,2.13,9.59,1.78,Montas
Anthony Bender,1.91,42.1,30,3.8,4.43,0.196,0.10099999999999999,7.02,3.61,5.1,0.64,Bender
Isaac Mattson,2.53,21.1,29,3.94,4.13,0.282,0.094,10.13,3.38,5.48,1.27,Mattson
Cade Gibson,2.59,31.1,27,3.67,3.93,0.168,0.076,6.32,2.87,7.76,0.57,Gibson
Braxton Ashcraft,2.63,24.0,25,3.34,4.17,0.192,0.106,7.5,4.13,9.0,0.38,Ashcraft
Steven Cruz,2.77,39.0,26,3.73,4.04,0.21600000000000003,0.078,7.62,2.77,6.0,0.92,Cruz
Kolby Allard,2.9,40.1,27,4.16,5.09,0.121,0.057999999999999996,4.69,2.23,10.26,0.89,Allard
Jakob Junis,3.43,42.0,32,3.71,4.52,0.17600000000000002,0.071,6.86,2.79,9.64,0.64,Junis
Joey Cantillo,3.91,46.0,25,4.07,3.29,0.295,0.12,11.54,4.7,8.02,1.37,Cantillo
Ian Hamilton,3.96,38.2,30,3.95,4.14,0.259,0.127,9.54,4.66,6.05,0.93,Hamilton
Jalen Beeks,4.39,41.0,31,3.7,3.85,0.22899999999999998,0.08800000000000001,8.56,3.29,7.02,0.88,Beeks
Luis Garcia,4.5,34.0,38,3.65,3.76,0.196,0.115,7.68,4.5,9.79,0.53,Garcia
Aaron Civale,4.76,58.2,30,5.16,5.33,0.16399999999999998,0.09,6.44,3.53,9.05,1.53,Civale
Jesus Tinoco,5.12,19.1,30,3.97,5.0,0.125,0.1,4.66,3.72,7.91,0.47,Tinoco
Collin Snider,5.47,26.1,29,3.66,3.99,0.20199999999999999,0.05,8.2,2.05,10.94,1.03,Snider
Ian Seymour,0.0,7.2,26,2.57,4.52,0.16699999999999998,0.067,5.87,2.35,5.87,0.0,Seymour
Justin Lawrence,0.79,11.1,30,2.56,3.75,0.341,0.136,11.91,4.76,3.97,0.0,Lawrence
DL Hall,2.16,25.0,26,3.77,4.86,0.16699999999999998,0.125,5.76,4.32,3.6,0.36,Hall
Sean Manaea,2.19,12.1,33,3.5,2.84,0.36,0.08,13.14,2.92,5.84,1.46,Manaea
David Morgan,2.25,24.0,25,3.43,3.9,0.247,0.09300000000000001,9.0,3.38,7.13,0.75,Morgan
Matt Svanson,3.12,26.0,26,3.4,4.06,0.24,0.08,8.31,2.77,4.5,0.69,Svanson
Brent Suter,3.19,48.0,35,4.18,4.32,0.172,0.066,6.38,2.44,7.69,1.13,Suter
Andrew Kittredge,3.62,27.1,35,3.46,3.61,0.225,0.063,8.23,2.3,7.57,0.99,Kittredge
Hogan Harris,4.35,41.1,28,4.06,4.5,0.23399999999999999,0.13,9.8,5.44,9.36,0.87,Harris
Tobias Myers,4.5,22.0,26,4.14,4.85,0.175,0.09699999999999999,7.36,4.09,11.05,0.82,Myers
Hayden Wesneski,4.5,32.0,27,4.78,3.71,0.221,0.046,8.16,1.69,8.16,1.97,Wesneski
J.T. Ginn,4.5,38.0,26,4.86,3.07,0.26899999999999996,0.063,10.18,2.37,9.24,2.13,Ginn
Zack Kelly,5.56,22.2,30,3.62,3.92,0.243,0.087,9.93,3.57,9.53,0.79,Kelly
Aaron Nola,6.16,49.2,32,5.03,3.62,0.23600000000000002,0.073,9.42,2.9,10.69,1.99,Nola
Hunter Harvey,0.0,5.1,30,0.47,1.31,0.41200000000000003,0.0,11.81,0.0,1.69,0.0,Harvey
Michael Kopech,0.0,7.0,29,2.52,3.8,0.276,0.138,10.29,5.14,3.86,0.0,Kopech
Evan Phillips,0.0,5.2,30,2.03,2.56,0.273,0.091,9.53,3.18,6.35,0.0,Phillips
Lazaro Estrada,2.25,4.0,26,1.09,1.84,0.28600000000000003,0.0,9.0,0.0,4.5,0.0,Estrada
Chris Devenski,2.38,11.1,34,2.83,4.41,0.2,0.067,7.15,2.38,5.56,0.0,Devenski
Jackson Perkins,2.87,15.2,25,2.97,3.37,0.3,0.1,10.34,3.45,4.6,0.57,Perkins
Danny Young,4.32,8.1,31,1.41,1.59,0.35100000000000003,0.081,14.04,3.24,9.72,0.0,Young
Caleb Boushley,4.83,31.2,31,3.44,3.54,0.233,0.045,8.81,1.71,9.95,1.14,Boushley
Tyler Kinley,5.91,45.2,34,4.25,4.59,0.233,0.126,9.46,5.12,8.08,0.99,Kinley
Austin Gomber,6.03,34.1,31,5.19,5.4,0.127,0.044000000000000004,5.24,1.83,13.11,1.83,Gomber
Paul Blackburn,7.71,18.2,31,4.16,4.69,0.161,0.075,7.23,3.38,14.46,0.96,Blackburn
Jared Shuster,8.04,15.2,26,2.9,4.71,0.146,0.061,6.89,2.87,15.51,0.0,Shuster
Tomoyuki Sugano,4.54,103.0,35,5.3,4.74,0.142,0.057999999999999996,5.5,2.27,9.87,1.75,Sugano
Huascar Brazoban,3.78,50.0,35,4.13,4.17,0.245,0.12300000000000001,9.0,4.5,6.3,0.9,Brazoban
Mike Vasil,2.53,64.0,25,4.61,5.04,0.17300000000000001,0.125,6.61,4.78,6.33,0.7,Vasil
Kirby Yates,4.45,30.1,38,4.11,3.17,0.331,0.092,12.76,3.56,8.31,1.78,Yates
Andrew Heaney,5.03,102.0,34,5.34,4.64,0.17,0.08,6.53,3.09,8.74,1.76,Heaney
Antonio Senzatela,6.41,98.1,30,5.31,5.0,0.11199999999999999,0.073,4.76,3.11,13.36,1.46,Senzatela
Victor Vodnik,3.0,30.0,25,4.09,3.99,0.23600000000000002,0.134,9.0,5.1,7.5,0.9,Vodnik
Greg Weissert,3.09,43.2,30,4.22,4.26,0.19,0.087,7.21,3.3,8.04,1.03,Weissert
Keegan Akin,3.32,38.0,30,4.3,4.48,0.233,0.11,9.0,4.26,8.53,1.18,Akin
Calvin Faucher,4.03,38.0,29,4.01,3.94,0.22399999999999998,0.09699999999999999,8.76,3.79,8.53,0.95,Faucher
Mason Fluharty,5.25,36.0,23,3.84,4.14,0.252,0.106,9.5,4.0,7.0,1.0,Fluharty
Hector Neris,6.43,21.0,36,4.09,4.01,0.293,0.12,11.57,4.71,8.57,1.29,Neris
Luke Weaver,2.65,37.1,31,4.11,4.34,0.262,0.076,9.16,2.65,4.82,1.45,Weaver
Cole Sulser,3.21,14.0,35,3.02,3.37,0.22399999999999998,0.069,8.36,2.57,9.64,0.64,Sulser
Ryan Pressly,3.52,38.1,36,4.08,4.23,0.156,0.09,6.1,3.52,9.86,0.7,Pressly
Joey Wentz,5.71,41.0,27,4.61,4.91,0.191,0.11699999999999999,7.9,4.83,9.66,1.1,Wentz
Ryan Burr,0.0,2.0,31,1.59,3.08,0.375,0.125,13.5,4.5,4.5,0.0,Burr
Konnor Pilkington,0.0,3.0,27,0.43,1.92,0.444,0.0,12.0,0.0,0.0,0.0,Pilkington
Andre Granillo,1.08,8.1,25,3.09,5.24,0.09699999999999999,0.065,3.24,2.16,5.4,0.0,Granillo
Blake Snell,2.0,9.0,32,4.87,6.86,0.087,0.174,4.0,8.0,10.0,0.0,Snell
Andrew Chafin,2.45,18.1,35,3.75,4.34,0.213,0.138,8.35,5.4,8.35,0.49,Chafin
Ryan Weathers,3.28,24.2,25,4.43,4.14,0.225,0.078,8.39,2.92,6.57,1.46,Weathers
Bryan Hoeing,3.38,8.0,28,2.97,4.64,0.139,0.083,5.63,3.38,10.13,0.0,Hoeing
Will Klein,3.72,9.2,25,3.3,4.07,0.292,0.16699999999999998,13.03,7.45,9.31,0.0,Klein
Josh Simpson,3.75,12.0,27,3.43,3.46,0.28800000000000003,0.135,11.25,5.25,6.0,0.75,Simpson
Yimi Garcia,3.86,21.0,34,3.81,3.78,0.278,0.133,10.71,5.14,5.57,0.86,Garcia
Justin Martinez,4.11,15.1,23,4.01,4.03,0.32799999999999996,0.179,12.91,7.04,4.11,0.59,Martinez
Connor Brogdon,4.45,28.1,30,4.4,4.83,0.209,0.096,7.62,3.49,6.99,1.27,Brogdon
Kyle Harrison,4.56,23.2,23,4.32,3.82,0.25,0.09,9.51,3.42,7.99,1.52,Harrison
Paul Sewald,4.7,15.1,35,4.07,4.15,0.29,0.065,10.57,2.35,8.22,1.76,Sewald
Spencer Arrighetti,5.59,9.2,25,4.64,5.46,0.205,0.128,7.45,4.66,3.72,0.93,Arrighetti
Dietrich Enns,5.71,17.1,34,3.67,3.46,0.187,0.053,7.27,2.08,11.42,1.04,Enns
Travis Adams,6.0,9.0,25,3.54,4.58,0.15,0.025,6.0,1.0,12.0,1.0,Adams
Jordan Romano,6.69,36.1,32,4.5,4.2,0.248,0.096,9.66,3.72,8.92,1.49,Romano
Carlos Hernandez,6.69,36.1,28,4.28,4.94,0.205,0.10800000000000001,8.92,4.71,11.39,0.99,Hernandez
Chris Roycroft,6.92,13.0,28,3.79,5.39,0.14800000000000002,0.14800000000000002,6.23,6.23,9.69,0.0,Roycroft
Kevin Ginkel,7.99,23.2,31,3.81,4.54,0.237,0.114,10.27,4.94,10.65,0.76,Ginkel
Robert Stephenson,0.0,1.0,32,-0.91,0.58,0.667,0.0,18.0,0.0,0.0,0.0,Stephenson
Nick Burdi,0.0,5.1,32,2.34,2.9,0.23800000000000002,0.095,8.44,3.38,8.44,0.0,Burdi
Zach Thompson,0.0,3.2,31,2.27,4.31,0.25,0.083,7.36,2.45,0.0,0.0,Thompson
Matt Gage,0.0,8.2,32,2.75,4.29,0.16699999999999998,0.083,6.23,3.12,8.31,0.0,Gage
Tommy Nance,0.0,3.2,34,1.18,2.4,0.385,0.077,12.27,2.45,2.45,0.0,Nance
Andrew Saalfrank,0.0,5.0,27,2.69,3.59,0.182,0.091,7.2,3.6,9.0,0.0,Saalfrank
Edgardo Henriquez,0.0,1.2,23,1.89,3.68,0.16699999999999998,0.0,5.4,0.0,0.0,0.0,Henriquez
Connor Seabold,1.35,6.2,29,2.94,5.63,0.172,0.10300000000000001,6.75,4.05,9.45,0.0,Seabold
Daniel Robert,1.42,6.1,30,2.94,3.88,0.36700000000000005,0.233,15.63,9.95,7.11,0.0,Robert
Cole Winn,1.5,18.0,25,3.98,4.75,0.162,0.122,6.0,4.5,6.0,0.5,Winn
Darren McCaughan,1.69,5.1,29,1.41,4.48,0.261,0.043,10.13,1.69,8.44,0.0,McCaughan
Evan Sisk,1.69,5.1,28,1.78,2.9,0.423,0.192,18.56,8.44,8.44,0.0,Sisk
Rich Hill,1.8,5.0,45,3.89,5.68,0.043,0.087,1.8,3.6,10.8,0.0,Hill
Yerry De Los Santos,1.8,20.0,27,3.59,4.64,0.14,0.129,5.85,5.4,9.9,0.0,Santos
Riley O'Brien,1.82,24.2,30,3.78,3.63,0.26,0.125,9.85,4.74,7.3,0.73,O'Brien
Erik Sabrowski,1.86,9.2,27,3.2,3.09,0.395,0.158,13.97,5.59,5.59,0.93,Sabrowski
Tom Cosgrove,2.25,4.0,29,2.34,3.46,0.188,0.063,6.75,2.25,6.75,0.0,Cosgrove
Austin Cox,2.25,8.0,28,2.34,1.84,0.344,0.031,12.38,1.13,7.88,1.13,Cox
Kyle Backhus,2.53,10.2,27,3.66,3.69,0.22899999999999998,0.063,9.28,2.53,8.44,0.84,Backhus
Easton McGee,2.57,7.0,27,2.38,3.44,0.25,0.107,9.0,3.86,6.43,0.0,McGee
Tim Mayza,2.89,9.1,33,3.41,4.26,0.2,0.025,7.71,0.96,8.68,0.96,Mayza
Rico Garcia,3.24,8.1,31,3.69,3.56,0.21899999999999997,0.063,7.56,2.16,5.4,1.08,Garcia
Blake Treinen,3.38,8.0,37,3.72,4.14,0.278,0.083,11.25,3.38,9.0,1.13,Treinen
Albert Suarez,3.38,2.2,35,1.59,3.83,0.182,0.0,6.75,0.0,16.88,0.0,Suarez
Bailey Horn,3.38,2.2,27,1.97,2.53,0.231,0.077,10.13,3.38,16.88,0.0,Horn
Jaden Hill,3.38,2.2,25,1.59,3.27,0.385,0.154,16.88,6.75,10.13,0.0,Hill
Lyon Richardson,3.78,33.1,25,4.02,4.41,0.17600000000000002,0.115,7.02,4.59,7.83,0.54,Richardson
Josh Winckowski,3.86,11.2,27,3.09,4.37,0.17300000000000001,0.096,6.94,3.86,8.49,0.0,Winckowski
Rafael Montero,4.0,36.0,34,3.57,3.93,0.253,0.12,9.5,4.5,6.25,0.75,Montero
Owen White,4.05,6.2,25,2.64,3.76,0.207,0.10300000000000001,8.1,4.05,12.15,0.0,White
Juan Burgos,4.05,6.2,25,2.04,4.06,0.267,0.067,10.8,2.7,9.45,0.0,Burgos
Elvis Alvarado,4.2,15.0,26,3.43,4.15,0.27899999999999997,0.11800000000000001,11.4,4.8,8.4,0.6,Alvarado
Tyler Matzek,4.26,6.1,34,3.25,5.84,0.2,0.14300000000000002,9.95,7.11,15.63,0.0,Matzek
Paxton Schultz,4.56,23.2,27,4.15,3.78,0.252,0.075,10.27,3.04,9.89,1.52,Schultz
Ian Gibaut,4.62,25.1,31,4.4,5.21,0.138,0.073,5.33,2.84,9.24,1.07,Gibaut
Dedniel Nunez,4.66,9.2,29,4.02,4.99,0.268,0.146,10.24,5.59,5.59,0.93,Nunez
Sawyer Gipson-Long,4.7,23.0,27,4.44,3.93,0.19399999999999998,0.043,7.04,1.57,8.22,1.57,Gipson-Long
Juan Morillo,4.94,27.1,26,3.86,4.22,0.23,0.131,9.22,5.27,10.21,0.66,Morillo
Justin Hagenman,5.11,12.1,28,4.39,3.04,0.245,0.019,9.49,0.73,10.22,2.19,Hagenman
Sean Guenther,5.23,10.1,29,3.0,4.29,0.18600000000000003,0.11599999999999999,6.97,4.35,8.71,0.0,Guenther
Matt Krook,5.4,3.1,30,2.19,4.43,0.2,0.067,8.1,2.7,13.5,0.0,Krook
Yohan Ramirez,5.68,6.1,30,0.72,1.43,0.462,0.077,17.05,2.84,5.68,0.0,Ramirez
Fraser Ellard,5.87,7.2,27,2.96,4.13,0.39299999999999996,0.214,12.91,7.04,1.17,0.0,Ellard
Jorge Alcala,6.03,37.1,29,4.24,4.46,0.244,0.113,9.88,4.58,9.64,1.21,Alcala
Zak Kent,6.14,7.1,27,2.96,4.58,0.25,0.156,9.82,6.14,9.82,0.0,Kent
Josh Walker,7.2,5.0,30,1.69,3.18,0.32,0.08,14.4,3.6,14.4,0.0,Walker
Trevor Richards,7.94,5.2,32,2.39,4.75,0.172,0.069,7.94,3.18,17.47,0.0,Richards
Tyler Zuber,9.0,2.0,30,0.09,2.33,0.33299999999999996,0.0,13.5,0.0,13.5,0.0,Zuber
Jordan Wicks,9.72,8.1,25,3.09,2.96,0.182,0.023,8.64,1.08,20.52,1.08,Wicks
Patrick Monteverde,9.82,3.2,27,1.73,4.57,0.2,0.05,9.82,2.45,22.09,0.0,Monteverde
Tanner Rainey,10.57,7.2,32,3.48,4.07,0.243,0.162,10.57,7.04,8.22,0.0,Rainey
Edwin Uceta,5.04,44.2,27,4.44,3.52,0.308,0.087,12.09,3.43,8.66,1.81,Uceta
Zac Gallen,5.58,121.0,29,4.86,4.09,0.222,0.08800000000000001,8.63,3.42,8.93,1.71,Gallen
Tyler Holton,3.58,50.1,29,4.4,3.24,0.222,0.04,7.87,1.43,7.87,1.79,Holton
Erik Miller,1.5,30.0,27,3.93,5.07,0.172,0.156,6.6,6.0,7.2,0.0,Miller
Eduard Bazardo,2.75,52.1,29,4.12,4.37,0.22899999999999998,0.11,8.25,3.96,5.85,1.03,Bazardo
Brock Burke,3.51,41.0,28,4.53,4.08,0.19899999999999998,0.085,7.68,3.29,8.78,1.32,Burke
Logan Evans,3.64,59.1,24,4.83,4.64,0.168,0.08199999999999999,6.52,3.19,9.4,1.37,Evans
Jacob Webb,3.77,45.1,31,4.59,4.85,0.18,0.07400000000000001,6.75,2.78,7.54,1.39,Webb
Jackson Jobe,4.22,49.0,22,5.13,5.04,0.179,0.124,7.16,4.96,8.45,1.29,Jobe
Grant Holman,5.09,23.0,25,4.61,4.86,0.165,0.087,6.65,3.52,10.17,1.17,Holman
Casey Legumina,5.68,38.0,28,4.2,4.14,0.262,0.11599999999999999,10.18,4.5,7.82,1.18,Legumina
Tim Hill,2.54,46.0,35,4.2,3.92,0.139,0.067,4.89,2.35,6.65,0.98,Hill
Randy Vasquez,3.73,99.0,26,5.4,5.95,0.11599999999999999,0.109,4.55,4.27,8.45,1.18,Vasquez
Justin Steele,4.76,22.2,29,4.9,3.55,0.228,0.054000000000000006,8.34,1.99,8.34,1.99,Steele
Erick Fedde,5.22,101.2,32,5.09,5.28,0.141,0.105,5.58,4.16,9.38,1.24,Fedde
Michael Kelly,1.23,14.2,32,4.52,5.67,0.136,0.136,4.91,4.91,6.75,0.61,Kelly
Rob Zastryzny,2.03,13.1,33,4.22,3.19,0.28800000000000003,0.038,10.13,1.35,6.75,2.03,Zastryzny
John Schreiber,3.12,40.1,31,4.38,3.72,0.244,0.081,9.37,3.12,8.26,1.56,Schreiber
Ryan Thompson,4.45,32.1,33,4.05,3.87,0.214,0.086,8.35,3.34,10.02,1.11,Thompson
Spencer Bivens,4.59,49.0,31,3.95,4.21,0.192,0.077,7.35,2.94,8.63,0.92,Bivens
Mitch Spence,4.7,74.2,27,5.06,4.11,0.195,0.068,7.59,2.65,9.4,1.81,Spence
Marcus Stroman,5.64,30.1,34,5.27,4.75,0.142,0.09,5.64,3.56,9.79,1.48,Stroman
Brooks Raley,0.0,3.0,37,3.09,5.08,0.25,0.16699999999999998,9.0,6.0,3.0,0.0,Raley
Jon Gray,0.0,2.0,33,3.09,6.82,0.0,0.0,0.0,0.0,4.5,0.0,Gray
Freddy Tarnok,0.0,2.0,26,3.59,3.59,0.16699999999999998,0.0,4.5,0.0,0.0,0.0,Tarnok
Cristian Mena,1.35,6.2,22,3.99,2.94,0.308,0.115,10.8,4.05,4.05,1.35,Mena
Dylan Smith,1.38,13.0,25,4.32,5.47,0.083,0.10400000000000001,2.77,3.46,4.15,0.0,Smith
Jackson Kowar,2.08,8.2,28,4.13,5.21,0.235,0.08800000000000001,8.31,3.12,5.19,1.04,Kowar
Nic Enright,2.7,16.2,28,4.47,5.06,0.22399999999999998,0.11900000000000001,8.1,4.32,5.4,1.08,Enright
Max Lazar,3.04,23.2,26,4.4,4.14,0.17,0.085,6.08,3.04,6.85,1.14,Lazar
Hunter Strickland,3.27,22.0,36,4.37,5.22,0.154,0.11,5.73,4.09,6.95,0.82,Strickland
Casey Lawrence,4.08,17.2,37,4.11,4.75,0.08800000000000001,0.013000000000000001,3.57,0.51,13.25,1.02,Lawrence
Cameron Schlittler,4.35,10.1,24,5.13,4.48,0.222,0.111,8.71,4.35,9.58,1.74,Schlittler
Taylor Clarke,4.55,27.2,32,4.32,3.8,0.19,0.028999999999999998,6.51,0.98,6.51,1.63,Clarke
Jonathan Bowlan,4.64,21.1,28,4.41,4.04,0.213,0.10099999999999999,8.02,3.8,7.59,1.27,Bowlan
Max Scherzer,5.14,28.0,40,5.31,4.24,0.243,0.07,9.0,2.57,8.68,2.25,Scherzer
John Curtiss,5.19,8.2,32,4.13,4.87,0.135,0.054000000000000006,5.19,2.08,10.38,1.04,Curtiss
Ryan Borucki,5.26,25.2,31,4.3,3.88,0.21,0.105,7.71,3.86,7.36,1.05,Borucki
Sam Moll,5.63,8.0,33,4.34,4.02,0.25,0.139,10.13,5.63,6.75,1.13,Moll
Mason Montgomery,5.74,31.1,25,4.47,3.77,0.285,0.132,11.78,5.46,9.48,1.44,Montgomery
Michael Darrell-Hicks,7.45,9.2,27,4.33,4.69,0.18600000000000003,0.09300000000000001,7.45,3.72,9.31,0.93,Darrell-Hicks
Noah Murdock,13.24,17.0,26,4.5,6.17,0.214,0.204,11.12,10.59,13.76,0.0,Murdock
Adam Ottavino,0.0,1.2,39,6.69,8.48,0.33299999999999996,0.444,16.2,21.6,0.0,0.0,Ottavino
Craig Kimbrel,0.0,1.0,37,4.09,4.09,0.33299999999999996,0.33299999999999996,9.0,9.0,9.0,0.0,Kimbrel
Tomas Nido,0.0,1.2,31,4.89,7.58,0.0,0.0,0.0,0.0,0.0,0.0,Nido
Jose Herrera,0.0,1.0,28,3.09,4.58,0.0,0.0,0.0,0.0,18.0,0.0,Herrera
Willi Castro,0.0,1.0,28,3.09,7.56,0.0,0.0,0.0,0.0,9.0,0.0,Castro
Jose Quijada,0.0,1.0,29,0.09,0.09,0.6,0.2,27.0,9.0,0.0,0.0,Quijada
Garrett Hampson,0.0,1.0,30,3.09,4.58,0.0,0.0,0.0,0.0,0.0,0.0,Hampson
Nicky Lopez,0.0,0.1,30,12.09,16.56,0.0,0.5,0.0,27.0,0.0,0.0,Lopez
Weston Wilson,0.0,3.0,30,3.09,5.58,0.0,0.0,0.0,0.0,9.0,0.0,Wilson
Miles Mastrobuoni,0.0,1.0,29,9.09,12.07,0.0,0.33299999999999996,0.0,18.0,9.0,0.0,Mastrobuoni
Alan Trejo,0.0,1.0,29,3.09,3.09,0.0,0.0,0.0,0.0,9.0,0.0,Trejo
Jhonathan Diaz,0.0,1.1,28,1.59,3.83,0.2,0.0,6.75,0.0,6.75,0.0,Diaz
Jared Young,0.0,0.1,29,12.09,16.56,0.0,0.33299999999999996,0.0,27.0,27.0,0.0,Young
Leonardo Rivas,0.0,1.0,27,6.09,7.58,0.0,0.16699999999999998,0.0,9.0,27.0,0.0,Rivas
Brooks Kriske,0.0,5.0,31,3.89,5.68,0.2,0.2,7.2,7.2,3.6,0.0,Kriske
Cesar Salazar,0.0,1.0,29,6.09,10.56,0.0,0.0,0.0,0.0,0.0,0.0,Salazar
Sauryn Lao,0.0,1.2,25,-0.51,1.28,0.375,0.0,16.2,0.0,16.2,0.0,Lao
Jacob Amaya,0.0,1.0,26,3.09,7.56,0.0,0.0,0.0,0.0,0.0,0.0,Amaya
Luis Vazquez,0.0,3.1,25,3.99,4.89,0.0,0.091,0.0,2.7,8.1,0.0,Vazquez
Ezequiel Duran,0.0,3.0,26,3.09,6.07,0.0,0.0,0.0,0.0,3.0,0.0,Duran
Willie MacIver,0.0,2.0,28,3.09,4.58,0.0,0.0,0.0,0.0,18.0,0.0,MacIver
Nate Eaton,0.0,1.0,28,3.09,4.58,0.0,0.0,0.0,0.0,18.0,0.0,Eaton
Yaramil Hiraldo,0.0,1.1,29,1.59,3.83,0.2,0.0,6.75,0.0,6.75,0.0,Hiraldo
Michael Stefanic,0.0,1.0,29,3.09,7.56,0.0,0.0,0.0,0.0,0.0,0.0,Stefanic
Alec Burleson,0.0,1.0,26,6.09,7.58,0.0,0.0,0.0,0.0,9.0,0.0,Burleson
Christian Koss,0.0,1.0,27,3.09,6.07,0.0,0.0,0.0,0.0,9.0,0.0,Koss
Bradgley Rodriguez,0.0,1.2,21,5.49,7.28,0.16699999999999998,0.16699999999999998,5.4,5.4,0.0,0.0,Rodriguez
Christian Montes De Oca,0.0,2.2,25,2.72,4.39,0.222,0.111,6.75,3.38,0.0,0.0,Oca
Gavin Hollowell,1.42,6.1,27,4.51,4.34,0.192,0.077,7.11,2.84,8.53,1.42,Hollowell
Kevin Herget,1.69,5.1,34,3.84,6.92,0.04,0.08,1.69,3.38,10.13,0.0,Herget
Nick Sandlin,2.2,16.1,28,4.56,4.8,0.23199999999999998,0.11599999999999999,8.82,4.41,6.06,1.1,Sandlin
Alan Rangel,2.25,8.0,27,4.59,5.58,0.152,0.091,5.63,3.38,10.13,1.13,Rangel
Andry Lara,2.35,7.2,22,3.75,4.72,0.147,0.11800000000000001,5.87,4.7,8.22,0.0,Lara
Justin Bruihl,2.57,7.0,28,4.24,3.66,0.313,0.125,12.86,5.14,11.57,1.29,Bruihl
Randy Wynne,3.0,3.0,32,6.43,5.07,0.231,0.077,9.0,3.0,9.0,3.0,Wynne
Tyler Owens,3.0,3.0,24,5.43,6.42,0.067,0.2,3.0,9.0,9.0,0.0,Owens
Ty Adcock,3.0,3.0,28,6.09,4.24,0.35700000000000004,0.14300000000000002,15.0,6.0,6.0,3.0,Adcock
A.J. Puk,3.38,8.0,30,4.47,2.89,0.34299999999999997,0.057,13.5,2.25,9.0,2.25,Puk
Jake Rogers,3.38,2.2,30,4.22,7.01,0.0,0.0,0.0,0.0,13.5,0.0,Rogers
JT Brubaker,3.46,13.0,31,3.71,4.97,0.157,0.13699999999999998,5.54,4.85,5.54,0.0,Brubaker
Jake Bauers,3.6,5.0,29,5.69,9.57,0.034,0.10300000000000001,1.8,5.4,14.4,0.0,Bauers
Wikelman Gonzalez,3.6,5.0,23,3.49,4.69,0.217,0.174,9.0,7.2,7.2,0.0,Gonzalez
Jose Trevino,3.86,2.1,32,3.52,7.35,0.083,0.083,3.86,3.86,15.43,0.0,Trevino
Marc Church,3.86,4.2,24,4.81,6.72,0.217,0.261,9.64,11.57,7.71,0.0,Church
Yosver Zulueta,3.86,2.1,27,3.52,5.44,0.125,0.125,3.86,3.86,0.0,0.0,Zulueta
Sean Reynolds,3.97,22.2,27,4.2,3.99,0.242,0.08800000000000001,8.74,3.18,6.35,1.19,Reynolds
Michael Petersen,4.05,6.2,31,4.44,4.28,0.179,0.071,6.75,2.7,9.45,1.35,Petersen
Kade Strowd,4.15,4.1,27,2.4,4.81,0.16699999999999998,0.055999999999999994,6.23,2.08,8.31,0.0,Strowd
Luis Guerrero,4.15,17.1,24,4.36,5.82,0.139,0.19399999999999998,5.19,7.27,4.67,0.0,Guerrero
Jake Woodford,4.35,10.1,28,4.35,4.68,0.122,0.08199999999999999,5.23,3.48,13.06,0.87,Woodford
Bryan Hudson,4.35,10.1,28,4.64,5.94,0.24100000000000002,0.222,11.32,10.45,6.97,0.0,Hudson
Bryce Jarvis,4.4,14.1,27,3.86,4.83,0.21,0.113,8.16,4.4,8.16,0.63,Jarvis
Jacob Stallings,4.5,2.0,35,2.09,4.33,0.125,0.0,4.5,0.0,9.0,0.0,Stallings
Luke Williams,4.5,4.0,28,4.84,3.83,0.188,0.0,6.75,0.0,9.0,2.25,Williams
Brett de Geus,4.5,2.0,27,7.59,9.08,0.0,0.3,0.0,13.5,4.5,0.0,Geus
Victor Mederos,4.5,4.0,24,4.84,5.59,0.222,0.222,9.0,9.0,4.5,0.0,Mederos
Brandyn Garcia,4.5,2.0,25,6.59,6.59,0.091,0.273,4.5,13.5,18.0,0.0,Garcia
Colin Selby,4.5,10.0,27,3.89,2.63,0.261,0.043,10.8,1.8,12.6,1.8,Selby
Brent Headrick,4.73,13.1,27,4.52,3.16,0.29600000000000004,0.055999999999999994,10.8,2.03,8.1,2.03,Headrick
Michael Fulmer,4.76,5.2,32,5.39,5.99,0.13,0.087,4.76,3.18,9.53,1.59,Fulmer
Omar Cruz,4.91,3.2,26,2.82,4.85,0.278,0.16699999999999998,12.27,7.36,9.82,0.0,Cruz
Davis Daniel,5.4,10.0,28,4.99,5.78,0.196,0.152,8.1,6.3,8.1,0.9,Daniel
Justin Garza,5.4,6.2,31,4.59,4.66,0.107,0.036000000000000004,4.05,1.35,10.8,1.35,Garza
Angel Perdomo,5.4,3.1,31,5.49,6.83,0.125,0.188,5.4,8.1,5.4,0.0,Perdomo
Scott Effross,5.59,9.2,31,3.82,4.01,0.14,0.047,5.59,1.86,11.17,0.93,Effross
Matt Bowman,5.79,23.1,34,4.89,4.9,0.157,0.055999999999999994,6.56,2.31,11.19,1.54,Bowman
Jordan Weems,6.0,3.0,32,3.09,5.08,0.0,0.0,0.0,0.0,15.0,0.0,Weems
Vinny Capra,6.0,3.0,28,6.76,6.4,0.067,0.0,3.0,0.0,15.0,3.0,Capra
Jack Little,6.0,3.0,27,3.76,6.24,0.14300000000000002,0.071,6.0,3.0,12.0,0.0,Little
Carson Spiers,6.08,13.1,27,6.17,5.48,0.183,0.11699999999999999,7.43,4.73,8.78,2.03,Spiers
Adam Mazur,6.35,5.2,24,5.74,5.55,0.185,0.14800000000000002,7.94,6.35,7.94,1.59,Mazur
Liam Hendriks,6.59,13.2,36,5.0,5.06,0.203,0.11900000000000001,7.9,4.61,7.9,1.32,Hendriks
Jon Berti,6.75,2.2,35,6.47,9.82,0.0,0.214,0.0,10.13,10.13,0.0,Berti
Luis Castillo,7.71,7.0,30,4.66,6.58,0.122,0.171,6.43,9.0,15.43,0.0,Castillo
Jeff Brigham,8.1,3.1,33,6.09,4.43,0.16699999999999998,0.055999999999999994,8.1,2.7,18.9,2.7,Brigham
Joel Payamps,8.35,18.1,31,4.46,4.93,0.19,0.071,7.85,2.95,12.27,1.47,Payamps
Austin Hedges,9.0,1.0,32,4.09,5.58,0.16699999999999998,0.16699999999999998,9.0,9.0,18.0,0.0,Hedges
Tyler Heineman,9.0,1.0,34,6.09,10.56,0.0,0.0,0.0,0.0,9.0,0.0,Heineman
Tyler Wade,9.0,1.0,30,6.09,7.58,0.0,0.16699999999999998,0.0,9.0,18.0,0.0,Wade
Touki Toussaint,9.0,2.0,29,1.59,2.34,0.273,0.091,13.5,4.5,18.0,0.0,Toussaint
Yilber Diaz,9.0,3.0,24,5.43,7.41,0.067,0.2,3.0,9.0,12.0,0.0,Diaz
Joe Rock,9.0,2.0,24,7.09,1.34,0.33299999999999996,0.0,18.0,0.0,18.0,4.5,Rock
Jacob Barnes,9.0,8.0,35,4.59,4.83,0.139,0.083,5.63,3.38,11.25,1.13,Barnes
Gerson Garabito,9.0,8.0,29,3.84,3.34,0.195,0.024,9.0,1.13,16.88,1.13,Garabito
Yu Darvish,9.18,16.2,38,5.31,5.09,0.138,0.113,5.94,4.86,11.34,1.08,Darvish
Shinnosuke Ogasawara,9.45,6.2,27,5.19,4.58,0.125,0.031,5.4,1.35,14.85,1.35,Ogasawara
Luarbert Arias,10.61,9.1,24,4.81,5.49,0.18,0.1,8.68,4.82,14.46,0.96,Arias
Tucker Barnhart,13.5,2.0,34,4.59,6.83,0.0,0.0,0.0,0.0,22.5,0.0,Barnhart
Cody Bolton,13.5,2.0,27,2.09,4.33,0.1,0.0,4.5,0.0,18.0,0.0,Bolton
Doug Nikhazy,13.5,4.0,25,5.09,7.33,0.217,0.261,11.25,13.5,11.25,0.0,Nikhazy
Cody Poteet,16.88,2.2,30,4.59,9.06,0.063,0.125,3.38,6.75,20.25,0.0,Poteet
Travis Jankowski,18.0,1.0,34,9.09,10.58,0.0,0.16699999999999998,0.0,9.0,18.0,0.0,Jankowski
Mike Yastrzemski,18.0,1.0,34,9.09,12.07,0.0,0.14300000000000002,0.0,9.0,18.0,0.0,Yastrzemski
Abraham Toro,18.0,1.0,28,6.09,9.07,0.0,0.125,0.0,9.0,36.0,0.0,Toro
Jacob Palisch,18.0,1.0,26,3.09,4.58,0.0,0.0,0.0,0.0,27.0,0.0,Palisch
Nathan Wiles,27.0,1.0,26,1.09,2.58,0.14300000000000002,0.0,9.0,0.0,36.0,0.0,Wiles
Jonathan Pintaro,27.0,0.2,27,9.09,9.09,0.16699999999999998,0.33299999999999996,13.5,27.0,27.0,0.0,Pintaro
Carlos Duran,81.0,0.1,23,30.09,34.56,0.0,0.6,0.0,81.0,27.0,0.0,Duran
Chris Flexen,2.5,39.2,30,4.68,5.0,0.121,0.076,4.31,2.72,6.81,1.13,Flexen
Anthony Banda,3.83,44.2,31,4.75,4.81,0.203,0.11800000000000001,7.66,4.43,7.25,1.21,Banda
Hayden Birdsong,4.8,65.2,23,4.92,4.89,0.228,0.124,9.32,5.07,8.36,1.37,Birdsong
Raisel Iglesias,4.99,39.2,35,4.23,3.52,0.27699999999999997,0.054000000000000006,10.44,2.04,8.85,1.82,Iglesias
Lou Trivino,4.42,38.2,33,5.01,5.07,0.172,0.077,6.75,3.03,9.31,1.4,Trivino
Easton Lucas,5.82,21.2,28,5.45,4.24,0.237,0.10800000000000001,9.14,4.15,8.72,2.08,Lucas
Jack Kochanowicz,6.03,94.0,24,5.55,4.83,0.156,0.10800000000000001,6.22,4.31,10.34,1.53,Kochanowicz
Justin Sterner,4.0,36.0,28,4.93,4.87,0.231,0.10300000000000001,9.0,4.0,7.25,1.5,Sterner
Kaleb Ort,5.4,28.1,33,4.79,4.33,0.243,0.113,8.89,4.13,6.99,1.59,Ort
Carlos Carrasco,5.91,32.0,38,5.31,4.47,0.17600000000000002,0.07,7.03,2.81,10.97,1.97,Carrasco
Matt Sauer,6.18,27.2,26,4.94,4.15,0.183,0.067,7.16,2.6,10.41,1.63,Sauer
Austin Warren,1.69,5.1,29,5.72,4.68,0.19,0.14300000000000002,6.75,5.06,5.06,1.69,Warren
Seth Johnson,3.38,8.0,26,5.09,3.52,0.242,0.061,9.0,2.25,6.75,2.25,Johnson
Cole Henry,3.44,36.2,25,5.17,5.47,0.213,0.11,8.59,4.42,7.36,1.23,Henry
Tyler Phillips,3.47,49.1,27,4.43,4.42,0.14800000000000002,0.07400000000000001,5.47,2.74,8.76,1.09,Phillips
Luis Mey,4.4,14.1,24,5.12,4.24,0.242,0.161,9.42,6.28,5.02,1.26,Mey
Cooper Criswell,5.06,10.2,28,5.44,4.96,0.094,0.057,4.22,2.53,13.5,1.69,Criswell
Tristan Beck,5.68,19.0,29,4.41,4.69,0.139,0.08900000000000001,5.21,3.32,8.05,0.95,Beck
Wade Miley,6.75,12.0,38,6.93,5.54,0.127,0.109,5.25,4.5,11.25,2.25,Miley
Kody Funderburk,6.92,13.0,28,5.09,4.47,0.145,0.081,6.23,3.46,13.15,1.38,Funderburk
Spencer Turnbull,7.11,6.1,32,5.78,5.84,0.121,0.121,5.68,5.68,17.05,1.42,Turnbull
Kendall Graveman,7.15,11.1,34,5.65,6.48,0.077,0.135,3.18,5.56,12.71,0.79,Graveman
Connor Phillips,7.2,5.0,24,6.49,6.87,0.174,0.174,7.2,7.2,9.0,1.8,Phillips
John Brebbia,7.71,18.2,35,5.29,5.6,0.215,0.11800000000000001,9.64,5.3,10.61,1.45,Brebbia
Sean Hjelle,7.71,14.0,28,5.09,4.51,0.162,0.11800000000000001,7.07,5.14,12.21,1.29,Hjelle
Carlos Rodriguez,8.1,3.1,23,5.49,8.18,0.111,0.222,5.4,10.8,13.5,0.0,Rodriguez
Jason Alexander,8.14,21.0,32,6.09,5.53,0.135,0.115,6.0,5.14,12.0,1.71,Alexander
Grant Wolfram,11.74,7.2,28,6.48,4.84,0.214,0.14300000000000002,10.57,7.04,15.26,2.35,Wolfram
Randy Dobnak,1.69,5.1,30,6.28,5.24,0.053,0.105,1.69,3.38,3.38,1.69,Dobnak
Corbin Martin,2.45,3.2,29,7.73,6.22,0.235,0.17600000000000002,9.82,7.36,4.91,2.45,Martin
Drey Jameson,3.0,3.0,27,6.09,7.58,0.0,0.231,0.0,9.0,12.0,0.0,Jameson
Eduarniel Nunez,3.86,4.2,26,8.24,8.01,0.095,0.19,3.86,7.71,7.71,1.93,Nunez
Andrew Hoffmann,3.86,4.2,25,6.31,5.76,0.192,0.154,9.64,7.71,13.5,1.93,Hoffmann
A.J. Blubaugh,4.5,4.0,24,7.34,3.45,0.316,0.053,13.5,2.25,11.25,4.5,Blubaugh
Carson Fulmer,4.82,9.1,31,5.99,5.12,0.179,0.128,6.75,4.82,5.79,1.93,Fulmer
Jacob Eder,4.91,18.1,26,5.22,5.29,0.192,0.115,7.36,4.42,7.36,1.47,Eder
Elvis Peguero,4.91,7.1,28,5.55,5.81,0.139,0.111,6.14,4.91,9.82,1.23,Peguero
Dane Dunning,5.02,14.1,30,5.12,5.28,0.19,0.111,7.53,4.4,7.53,1.26,Dunning
Dillon Tate,5.06,5.1,31,6.84,6.36,0.233,0.2,11.81,10.13,11.81,1.69,Tate
Reynaldo Lopez,5.4,5.0,31,6.49,5.68,0.04,0.08,1.8,3.6,16.2,1.8,Lopez
Kevin Kelly,5.4,25.0,27,4.97,4.1,0.168,0.055999999999999994,6.48,2.16,10.44,1.8,Kelly
Caleb Freeman,5.4,3.1,27,6.09,4.43,0.188,0.063,8.1,2.7,13.5,2.7,Freeman
Dylan Dodd,5.68,12.2,27,5.22,4.03,0.18,0.04,6.39,1.42,7.82,2.13,Dodd
Julian Merryweather,5.79,18.2,33,4.65,4.53,0.17,0.125,7.23,5.3,11.09,0.96,Merryweather
Orlando Ribalta,5.87,7.2,27,6.48,5.23,0.182,0.121,7.04,4.7,5.87,2.35,Ribalta
Xzavion Curry,6.0,3.0,26,5.43,7.91,0.063,0.188,3.0,9.0,12.0,0.0,Curry
Logan VanWey,6.23,8.2,26,6.32,5.22,0.11599999999999999,0.07,5.19,3.12,15.58,2.08,VanWey
Scott McGough,6.43,7.0,35,6.52,7.86,0.14300000000000002,0.171,6.43,7.71,7.71,1.29,McGough
Kevin Newman,6.75,4.0,31,9.59,8.31,0.0,0.0,0.0,0.0,9.0,4.5,Newman
Mason Black,6.75,4.0,25,7.09,3.57,0.263,0.0,11.25,0.0,11.25,4.5,Black
Codi Heuer,6.75,1.1,28,11.34,2.71,0.2,0.0,6.75,0.0,6.75,6.75,Heuer
T.J. McFarland,6.89,15.2,36,4.62,4.3,0.095,0.040999999999999995,4.02,1.72,14.94,1.15,McFarland
Anthony Molina,7.27,8.2,23,6.21,4.29,0.158,0.0,6.23,0.0,13.5,3.12,Molina
Miguel Castro,7.5,6.0,30,6.93,6.75,0.14300000000000002,0.179,6.0,7.5,7.5,1.5,Castro
Chris Stratton,7.71,21.0,34,4.9,4.2,0.212,0.096,9.43,4.29,13.71,1.71,Stratton
Tayler Saucedo,7.71,4.2,32,6.09,5.22,0.16,0.12,7.71,5.79,15.43,1.93,Saucedo
Robinson Pina,7.71,2.1,26,9.09,6.72,0.071,0.071,3.86,3.86,19.29,3.86,Pina
Matt Waldron,7.71,4.2,28,8.45,6.94,0.12,0.24,5.79,11.57,11.57,1.93,Waldron
Penn Murfee,7.82,12.2,31,5.54,4.81,0.20600000000000002,0.079,9.24,3.55,13.5,2.13,Murfee
Kenta Maeda,7.88,8.0,37,6.09,6.14,0.18600000000000003,0.14,9.0,6.75,10.13,1.13,Maeda
Mike Clevinger,7.94,5.2,34,6.27,8.11,0.09699999999999999,0.258,4.76,12.71,7.94,0.0,Clevinger
Roddery Munoz,8.1,6.2,25,6.69,4.13,0.233,0.133,9.45,5.4,8.1,2.7,Munoz
Allan Winans,8.53,6.1,29,6.09,6.63,0.1,0.067,4.26,2.84,11.37,1.42,Winans
Connor Gillispie,8.65,26.0,27,5.71,4.94,0.187,0.08900000000000001,7.96,3.81,11.08,2.08,Gillispie
Carl Edwards Jr.,9.0,3.0,33,7.09,4.25,0.154,0.077,6.0,3.0,12.0,3.0,Jr.
Julian Fernandez,9.0,2.0,29,10.09,5.08,0.111,0.111,4.5,4.5,9.0,4.5,Fernandez
Nick Hernandez,9.0,2.0,30,10.59,6.33,0.16699999999999998,0.16699999999999998,9.0,9.0,18.0,4.5,Hernandez
Logan Porter,9.0,1.0,29,16.09,4.58,0.0,0.0,0.0,0.0,18.0,9.0,Porter
Will Wilson,9.0,2.0,26,9.59,6.07,0.0,0.0,0.0,0.0,9.0,4.5,Wilson
Isaiah Campbell,9.0,2.0,27,9.59,5.33,0.0,0.0,0.0,0.0,18.0,4.5,Campbell
Blas Castano,9.0,3.0,26,9.76,8.9,0.063,0.125,3.0,6.0,12.0,3.0,Castano
Luis Contreras,9.0,9.0,29,5.76,5.69,0.233,0.14,10.0,6.0,11.0,2.0,Contreras
Robert Stock,10.13,2.2,35,11.72,9.08,0.067,0.267,3.38,13.5,13.5,3.38,Stock
Anthony Misiewicz,10.38,4.1,30,8.86,5.27,0.25,0.15,10.38,6.23,8.31,4.15,Misiewicz
Wander Suero,10.8,5.0,33,7.49,5.27,0.23800000000000002,0.095,9.0,3.6,9.0,3.6,Suero
Troy Melton,10.8,5.0,24,6.69,3.28,0.292,0.083,12.6,3.6,12.6,3.6,Melton
Triston McKenzie,11.12,5.2,27,7.68,7.49,0.133,0.233,6.35,11.12,11.12,1.59,McKenzie
Ian Anderson,11.57,9.1,27,6.41,5.7,0.157,0.13699999999999998,7.71,6.75,16.39,1.93,Anderson
Bobby Miller,12.6,5.0,26,7.29,4.18,0.25,0.071,12.6,3.6,19.8,3.6,Miller
Andrew Walters,13.5,1.1,24,9.84,3.45,0.33299999999999996,0.0,13.5,0.0,13.5,6.75,Walters
Mason Thompson,13.5,4.0,27,6.09,7.96,0.125,0.25,6.75,13.5,13.5,0.0,Thompson
Luke Little,13.5,0.2,24,21.09,23.33,0.0,0.667,0.0,54.0,0.0,0.0,Little
Michael Mercado,15.0,3.0,26,8.76,6.41,0.2,0.2,12.0,12.0,21.0,3.0,Mercado
Jonah Bride,15.0,6.0,29,7.09,8.9,0.054000000000000006,0.081,3.0,4.5,21.0,1.5,Bride
Enrique Hernandez,15.19,5.1,33,9.66,10.01,0.027000000000000003,0.21600000000000003,1.69,13.5,18.56,1.69,Hernandez
Javier Sanoja,19.8,5.0,22,9.49,8.17,0.0,0.063,0.0,3.6,28.8,3.6,Sanoja
Jhonny Pereda,21.0,3.0,29,7.43,6.07,0.15,0.1,9.0,6.0,27.0,3.0,Pereda
Hunter Stratton,23.63,2.2,28,10.59,9.63,0.048,0.095,3.38,6.75,33.75,3.38,Stratton
Pablo Reyes,27.0,1.0,31,16.09,7.56,0.0,0.0,0.0,0.0,45.0,9.0,Reyes
Jayvien Sandridge,27.0,0.2,26,30.09,12.83,0.33299999999999996,0.33299999999999996,27.0,27.0,13.5,13.5,Sandridge
Geoff Hartlieb,30.86,2.1,31,15.95,6.72,0.21100000000000002,0.21100000000000002,15.43,15.43,30.86,7.71,Hartlieb
Gary Sanchez,36.0,1.0,32,22.09,13.56,0.0,0.14300000000000002,0.0,9.0,18.0,9.0,Sanchez
Amed Rosario,36.0,1.0,29,22.09,12.07,0.0,0.2,0.0,18.0,45.0,9.0,Rosario
Jorge Mateo,45.0,1.0,30,25.09,16.56,0.0,0.182,0.0,18.0,45.0,9.0,Mateo
Jose Caballero,54.0,1.0,28,32.09,13.55,0.0,0.111,0.0,9.0,45.0,18.0,Caballero
Emmanuel Rivera,72.0,1.0,29,22.09,16.55,0.0,0.154,0.0,18.0,72.0,9.0,Rivera
Zach Eflin,5.78,67.0,31,5.42,4.21,0.16399999999999998,0.042,6.31,1.61,10.75,2.15,Eflin
Bryce Elder,5.63,84.2,26,5.14,4.07,0.184,0.081,7.44,3.3,10.63,1.7,Elder
Tony Gonsolin,5.0,36.0,31,5.98,4.47,0.242,0.115,9.5,4.5,8.25,2.25,Gonsolin
Chris Murphy,2.31,11.2,27,6.44,4.5,0.184,0.08199999999999999,6.94,3.09,6.17,2.31,Murphy
Chase Dollander,6.68,68.2,23,5.95,4.89,0.168,0.107,6.82,4.33,9.7,1.97,Dollander
Tyler Ferguson,6.69,35.0,31,4.84,5.14,0.212,0.141,8.49,5.66,7.97,1.03,Ferguson
Lance McCullers Jr.,6.9,44.1,31,5.84,4.92,0.231,0.134,10.15,5.89,9.74,1.83,Jr.
Jose Suarez,2.45,7.1,27,6.37,6.22,0.16699999999999998,0.233,6.14,8.59,3.68,1.23,Suarez
Roki Sasaki,4.72,34.1,23,6.15,5.75,0.156,0.14300000000000002,6.29,5.77,7.6,1.57,Sasaki
Tommy Kahnle,4.73,40.0,35,4.54,4.16,0.20600000000000002,0.091,7.65,3.38,7.2,1.35,Kahnle
Richard Fitts,4.86,37.0,25,5.5,4.03,0.2,0.063,7.78,2.43,9.0,2.19,Fitts
Seth Halvorsen,5.02,37.2,25,5.08,4.05,0.213,0.11,8.36,4.3,9.56,1.67,Halvorsen
Cam Booser,5.11,24.2,33,5.48,5.09,0.24100000000000002,0.125,9.85,5.11,7.66,1.82,Booser
Gregory Santos,5.14,7.0,25,6.52,7.8,0.0,0.222,0.0,10.29,10.29,0.0,Santos
Angel Chivilli,5.91,35.0,22,5.29,4.3,0.16399999999999998,0.10099999999999999,6.69,4.11,10.29,1.54,Chivilli
Ethan Roberts,6.0,9.0,27,7.09,5.08,0.154,0.051,6.0,2.0,10.0,3.0,Roberts
Ben Joyce,6.23,4.1,24,6.32,6.08,0.05,0.05,2.08,2.08,10.38,2.08,Joyce
Ryan Johnson,7.36,14.2,22,5.48,3.86,0.222,0.069,9.82,3.07,14.73,2.45,Johnson
Luis Peralta,7.56,8.1,24,6.69,7.64,0.114,0.182,5.4,8.64,10.8,1.08,Peralta
Bradley Blalock,8.67,27.0,24,6.32,5.36,0.073,0.057,3.0,2.33,13.67,2.0,Blalock
Jose Ruiz,8.82,16.1,30,5.3,4.55,0.19,0.114,8.27,4.96,12.67,1.65,Ruiz
Ryan Loutos,11.32,10.1,26,7.06,6.56,0.109,0.145,5.23,6.97,12.19,1.74,Loutos
Colin Poche,12.54,9.1,31,6.63,7.31,0.212,0.26899999999999996,10.61,13.5,11.57,0.96,Poche
Erik Swanson,15.19,5.1,31,10.22,8.98,0.1,0.16699999999999998,5.06,8.44,13.5,3.38,Swanson
Dan Altavilla,1.48,24.1,32,5.39,4.54,0.17,0.106,5.92,3.7,5.18,1.48,Altavilla
Hunter Bigge,2.4,15.0,27,6.16,4.48,0.2,0.083,7.2,3.0,6.6,2.4,Bigge
Logan Gillaspie,2.57,7.0,28,5.95,5.37,0.129,0.129,5.14,5.14,9.0,1.29,Gillaspie
Carson Seymour,3.0,6.0,26,8.09,2.59,0.231,0.038,9.0,1.5,12.0,4.5,Seymour
Brandon Waddell,4.0,27.0,31,4.8,4.91,0.154,0.077,6.0,3.0,8.67,1.33,Waddell
Tommy Henry,4.05,6.2,27,7.44,2.49,0.308,0.038,10.8,1.35,8.1,4.05,Henry
Paul Gervase,4.26,6.1,25,9.72,6.86,0.2,0.16699999999999998,8.53,7.11,8.53,4.26,Gervase
Anthony DeSclafani,4.66,19.1,35,5.37,3.7,0.259,0.049,9.78,1.86,8.84,2.33,DeSclafani
Jesse Hahn,5.4,5.0,35,8.09,5.79,0.12,0.2,5.4,9.0,10.8,1.8,Hahn
Jose Urena,5.4,18.1,33,6.37,5.42,0.122,0.061,4.91,2.45,11.29,2.45,Urena
Jose Castillo,5.6,17.2,29,5.58,4.64,0.191,0.10099999999999999,8.66,4.58,13.25,1.53,Castillo
Brandon Young,7.34,30.2,26,6.03,4.53,0.19899999999999998,0.099,8.22,4.11,11.74,2.35,Young
Caden Dana,7.5,6.0,21,7.93,5.83,0.207,0.172,9.0,7.5,10.5,3.0,Dana
Kyle Nicolas,7.5,12.0,26,6.18,6.49,0.133,0.15,6.0,6.75,9.75,1.5,Nicolas
Cionel Perez,8.31,21.2,29,5.72,5.09,0.191,0.16399999999999998,8.72,7.48,11.63,1.25,Perez
Sam Long,8.82,16.1,29,5.66,5.28,0.188,0.125,8.27,5.51,11.02,1.65,Long
Craig Yoho,9.0,7.0,25,6.95,6.8,0.147,0.20600000000000002,6.43,9.0,10.29,1.29,Yoho
Samuel Aldegheri,10.38,4.1,23,8.4,8.15,0.16,0.2,8.31,10.38,12.46,2.08,Aldegheri
J.P. Feyereisen,11.25,4.0,32,8.34,4.82,0.174,0.043,9.0,2.25,24.75,4.5,Feyereisen
Joe La Sorsa,11.57,4.2,27,12.31,6.82,0.042,0.083,1.93,3.86,19.29,5.79,Sorsa
Anthony Maldonado,12.0,6.0,27,9.76,5.74,0.212,0.152,10.5,7.5,15.0,4.5,Maldonado
Troy Taylor,12.15,6.2,23,8.19,7.65,0.054000000000000006,0.081,2.7,4.05,18.9,2.7,Taylor
Miguel Rojas,12.6,5.0,36,12.69,7.87,0.0,0.071,0.0,3.6,19.8,5.4,Rojas
Nate Pearson,12.66,10.2,28,7.22,7.99,0.102,0.153,5.06,7.59,15.19,1.69,Pearson
Forrest Whitley,13.5,12.0,27,6.59,5.95,0.182,0.121,9.0,6.0,14.25,2.25,Whitley
Connor Thomas,20.25,5.1,27,10.22,4.86,0.161,0.065,8.44,3.38,20.25,5.06,Thomas
Chase Shugart,3.69,39.0,28,5.2,5.37,0.138,0.094,5.08,3.46,6.92,1.38,Shugart
Keider Montero,4.28,69.1,24,5.26,4.56,0.16899999999999998,0.084,6.49,3.25,9.22,1.69,Montero
Daniel Lynch IV,2.59,41.2,28,5.13,5.22,0.161,0.122,6.26,4.75,7.99,1.08,IV
Carlos Vargas,3.97,47.2,25,4.41,4.49,0.162,0.09,6.42,3.59,9.63,0.94,Vargas
Landon Knack,5.12,38.2,27,6.2,4.8,0.203,0.105,8.15,4.19,9.08,2.33,Knack
Kyle Hart,5.29,32.1,32,5.75,5.21,0.157,0.052000000000000005,5.85,1.95,8.91,2.23,Hart
Yuki Matsui,4.89,38.2,29,4.96,4.64,0.243,0.124,9.54,4.89,8.15,1.63,Matsui
Mick Abel,5.04,25.0,23,6.25,4.7,0.19399999999999998,0.083,7.56,3.24,9.0,2.52,Abel
Jose Fermin,5.21,19.0,23,6.04,4.58,0.27,0.135,11.37,5.68,9.0,2.37,Fermin
Joe Ross,5.28,44.1,32,5.12,4.46,0.171,0.08,6.9,3.25,10.35,1.62,Ross
Yoendrys Gomez,6.62,17.2,25,6.21,6.19,0.151,0.151,6.62,6.62,10.19,1.53,Gomez
Tayler Scott,6.66,25.2,33,5.31,5.03,0.18899999999999997,0.131,8.06,5.61,10.17,1.4,Scott
Shaun Anderson,7.59,10.2,30,6.94,4.3,0.2,0.06,8.44,2.53,13.5,3.38,Anderson
Blade Tidwell,9.0,15.0,24,7.43,6.44,0.128,0.128,6.0,6.0,13.8,2.4,Tidwell
Anthony Veneziano,4.71,21.0,27,5.24,4.39,0.2,0.1,8.57,4.29,10.71,1.71,Veneziano
Genesis Cabrera,5.76,25.0,28,5.57,4.66,0.192,0.067,7.2,2.52,9.0,2.16,Cabrera
Garrett McDaniels,5.91,10.2,25,6.94,5.2,0.12,0.16,5.06,6.75,10.97,1.69,McDaniels
Jose Leclerc,6.0,9.0,31,7.32,5.3,0.174,0.109,8.0,5.0,13.0,3.0,Leclerc
Zach Brzykcy,7.4,20.2,25,6.33,4.87,0.22899999999999998,0.10400000000000001,9.58,4.35,10.45,2.61,Brzykcy
Jesse Chavez,9.0,8.0,41,9.47,5.95,0.18600000000000003,0.11599999999999999,9.0,5.63,15.75,4.5,Chavez
Tom Harrington,10.13,8.0,23,8.09,5.45,0.179,0.128,7.88,5.63,12.38,3.38,Harrington
Richard Lovelady,10.8,8.1,29,7.53,5.84,0.182,0.114,8.64,5.4,10.8,2.16,Lovelady
Ryan Fernandez,11.42,8.2,27,6.21,5.62,0.156,0.111,7.27,5.19,15.58,2.08,Fernandez
Eli Morgan,12.27,7.1,29,8.55,5.87,0.114,0.086,4.91,3.68,14.73,3.68,Morgan
Michel Otanez,13.5,5.1,27,9.09,6.45,0.214,0.179,10.13,8.44,11.81,3.38,Otanez
Clayton Beeter,14.73,3.2,26,12.91,9.89,0.05,0.2,2.45,9.82,12.27,4.91,Beeter
Chase Petty,19.5,6.0,22,11.76,7.5,0.175,0.2,10.5,12.0,21.0,4.5,Petty
Walker Buehler,5.72,85.0,30,5.67,4.61,0.17600000000000002,0.094,7.09,3.81,9.85,1.8,Buehler
Tim Herrin,3.99,29.1,28,5.27,5.72,0.212,0.16699999999999998,8.59,6.75,6.75,0.92,Herrin
Emerson Hancock,5.47,77.1,26,5.6,4.8,0.158,0.09,6.17,3.49,9.43,1.75,Hancock
Luke Jackson,4.11,35.0,33,5.01,4.84,0.158,0.125,6.17,4.89,8.23,1.03,Jackson
Trent Thornton,5.12,38.2,31,5.01,4.84,0.174,0.084,6.75,3.26,8.84,1.4,Thornton
John King,5.35,38.2,30,5.14,3.82,0.133,0.067,5.59,2.79,11.87,1.63,King
Zachary Agnos,5.83,29.1,24,5.58,5.4,0.134,0.11,5.22,4.3,8.9,1.53,Agnos
Gunnar Hoglund,6.4,32.1,25,6.71,4.67,0.165,0.079,6.4,3.06,10.58,2.78,Hoglund
George Soriano,7.97,20.1,26,6.78,4.41,0.221,0.11599999999999999,9.3,4.87,11.07,2.66,Soriano
Carson Palmquist,7.63,30.2,24,7.1,6.24,0.15,0.122,6.46,5.28,10.27,2.35,Palmquist
Tanner Houck,8.04,43.2,29,6.12,4.64,0.158,0.084,6.6,3.5,11.75,2.06,Houck
Chayce McDermott,8.22,7.2,26,9.88,7.32,0.179,0.205,8.22,9.39,9.39,3.52,McDermott
Elvin Rodriguez,8.68,18.2,27,7.43,5.51,0.20199999999999999,0.083,8.2,3.38,11.09,3.38,Rodriguez
Zach Pop,14.85,6.2,28,11.34,4.66,0.077,0.051,4.05,2.7,20.25,5.4,Pop
Joey Estes,15.43,7.0,23,12.09,8.5,0.11900000000000001,0.14300000000000002,6.43,7.71,19.29,5.14,Estes
Noah Davis,19.5,6.0,28,11.43,6.42,0.22899999999999998,0.14300000000000002,12.0,7.5,15.0,4.5,Davis
Scott Blewett,5.48,44.1,29,5.44,4.48,0.18,0.09300000000000001,7.11,3.65,9.14,1.83,Blewett
Porter Hodge,6.85,23.2,24,5.8,4.14,0.23800000000000002,0.114,9.51,4.56,9.51,2.28,Hodge
Beau Brieske,6.55,22.0,27,6.23,5.51,0.155,0.11699999999999999,6.55,4.91,9.82,2.05,Brieske
Nestor Cortes,9.0,8.0,30,11.84,6.33,0.21100000000000002,0.184,9.0,7.88,7.88,5.63,Cortes
Lucas Sims,13.86,12.1,31,8.2,7.66,0.18100000000000002,0.19399999999999998,9.49,10.22,10.22,1.46,Sims
Ryan Rolison,7.45,29.0,27,6.85,4.96,0.131,0.1,5.28,4.03,11.79,2.48,Rolison
Eduardo Salazar,8.38,29.0,27,6.4,4.91,0.153,0.107,7.14,4.97,14.59,2.17,Salazar
Colin Holderman,9.0,15.0,29,6.83,5.32,0.149,0.149,6.6,6.6,12.0,1.8,Holderman
Alexis Diaz,10.29,7.0,28,12.38,7.93,0.10800000000000001,0.135,5.14,6.43,11.57,5.14,Diaz
Alejandro Carrillo,13.5,4.2,28,14.45,6.82,0.182,0.091,7.71,3.86,11.57,7.71,Carrillo
Didier Fuentes,13.85,13.0,20,9.09,5.62,0.174,0.087,8.31,4.15,15.92,4.15,Fuentes
Joe Mantiply,15.83,9.2,34,9.4,5.3,0.138,0.052000000000000005,7.45,2.79,24.21,4.66,Mantiply
Ryan Zeferjahn,5.59,37.0,27,5.8,4.24,0.272,0.136,11.19,5.59,8.51,2.19,Zeferjahn
Osvaldo Bido,5.86,55.1,29,6.44,5.89,0.14300000000000002,0.09699999999999999,6.02,4.07,11.06,2.11,Bido
Scott Alexander,6.11,17.2,35,7.56,5.57,0.099,0.111,4.08,4.58,11.72,2.55,Alexander
Alek Jacob,6.39,25.1,27,6.57,5.72,0.156,0.08199999999999999,6.75,3.55,11.72,2.13,Jacob
Jackson Rutledge,6.55,45.1,26,6.27,5.0,0.187,0.081,7.74,3.38,10.92,2.38,Rutledge
Jonathan Loaisiga,4.91,25.2,30,6.02,3.92,0.198,0.069,8.06,2.81,10.17,2.45,Loaisiga
Bryse Wilson,6.95,45.1,27,6.45,5.43,0.124,0.087,5.36,3.77,13.3,2.18,Wilson
Kyle Gibson,16.78,12.1,37,10.55,5.59,0.13699999999999998,0.096,7.3,5.11,21.16,5.11,Gibson
Chad Green,4.29,42.0,34,6.31,4.9,0.185,0.073,7.07,2.79,9.43,2.57,Green
Bowden Francis,6.05,64.0,29,6.81,5.1,0.188,0.094,7.59,3.8,9.98,2.67,Francis
